use travelMaker;

insert into User (user_id, user_name, user_gender, user_email, user_age_range, signup_date, nickname, user_description, image_url, password) values (1, '김소싹', 'male', 'rtitterrell0@ihg.com', '70~79', '2023-08-05', 'rhgurwls', '나를 소개하지', 'http://dummyimage.com/196x100.png/5fa2dd/ffffff', '$2a$04$iraUYzBNAaBSWgVSMnmLKuPqxdPE0XfK87d8ew0Vl8oih9laqpMx6');
insert into User (user_id, user_name, user_gender, user_email, user_age_range, signup_date, nickname, user_description, image_url, password) values (2, '홍길동', 'male', 'afebvre1@multiply.com', '60~69', '2022-11-21', 'rhgurwls', 'hi 모두들 안녕~? 내가 누군지 아니?', 'http://dummyimage.com/152x100.png/dddddd/000000', '$2a$04$CKTDkQ4EwUq1nmNDprgsQ.w80zfNChpXUJMvBxvRHFQEsvUHaOcXm');
insert into User (user_id, user_name, user_gender, user_email, user_age_range, signup_date, nickname, user_description, image_url, password) values (3, '홍길동', 'male', 'ebowld2@parallels.com', '40~49', '2023-06-29', 'rhgurwls', '나로 말할거 같으면', 'http://dummyimage.com/169x100.png/ff4444/ffffff', '$2a$04$e3V98jPkhxVleqdmUxcBAesbyCj0gOwlwR4Jou13udxH2RHc8PY3O');
insert into User (user_id, user_name, user_gender, user_email, user_age_range, signup_date, nickname, user_description, image_url, password) values (4, '홍길동', 'female', 'lwerner3@miitbeian.gov.cn', '40~49', '2023-06-27', 'tbrktbrk', '나를 소개하지', 'http://dummyimage.com/171x100.png/dddddd/000000', '$2a$04$bR9w71sJPzLLiS0POE2wH.SdSZAdIQx2e6377M3JnNJjlJxPSRt2m');
insert into User (user_id, user_name, user_gender, user_email, user_age_range, signup_date, nickname, user_description, image_url, password) values (5, '홍길동', 'male', 'pclatworthy4@dailymail.co.uk', '30~39', '2023-03-16', 'tbrktbrk', '나로 말할거 같으면', 'http://dummyimage.com/236x100.png/cc0000/ffffff', '$2a$04$gbNkd91klgNPbZX60vreYu5h6.VMMxsV.rqD.etRtMAaQHf9qeymq');
insert into User (user_id, user_name, user_gender, user_email, user_age_range, signup_date, nickname, user_description, image_url, password) values (6, '김소싹', 'female', 'blehemann5@yale.edu', '10~19', '2022-11-09', 'na1004', 'hi 모두들 안녕~? 내가 누군지 아니?', 'http://dummyimage.com/146x100.png/dddddd/000000', '$2a$04$8dJMphNXGcvThvuav3EWc.VdC6oKh.TNBeKIZDC.AZxQmHHshfLTS');
insert into User (user_id, user_name, user_gender, user_email, user_age_range, signup_date, nickname, user_description, image_url, password) values (7, '김철수', 'female', 'ndanko6@bigcartel.com', '20~29', '2023-02-06', 'rhgurwls', '나를 소개하지', 'http://dummyimage.com/178x100.png/ff4444/ffffff', '$2a$04$ISeslVCWl3fOjQ102mVLXeLB03btNLQbWLLyl6BWIA5SdTf6LaXSW');
insert into User (user_id, user_name, user_gender, user_email, user_age_range, signup_date, nickname, user_description, image_url, password) values (8, '김철수', 'female', 'callnatt7@independent.co.uk', '10~19', '2022-12-13', 'na1004', '나로 말할거 같으면', 'http://dummyimage.com/242x100.png/dddddd/000000', '$2a$04$cZaC4j2NrKjxoc.WdFMj3.k.5mf9eNLBAWP9INm1al1XCBKPWMN1a');
insert into User (user_id, user_name, user_gender, user_email, user_age_range, signup_date, nickname, user_description, image_url, password) values (9, '김철수', 'female', 'greuven8@miibeian.gov.cn', '10~19', '2023-08-10', 'tbrktbrk', 'hi 모두들 안녕~? 내가 누군지 아니?', 'http://dummyimage.com/134x100.png/5fa2dd/ffffff', '$2a$04$OD7DbaPqBgHUNKzENlTceuV.6tbvm8RXi05fZtKbkP.6YVNA1h502');
insert into User (user_id, user_name, user_gender, user_email, user_age_range, signup_date, nickname, user_description, image_url, password) values (10, '김철수', 'male', 'gpoulston9@ezinearticles.com', '60~69', '2022-11-26', 'rhgurwls', '나를 소개하지', 'http://dummyimage.com/110x100.png/ff4444/ffffff', '$2a$04$/Nj2v8F3Iz45GYL3JaQgbOwqO2ckIeeekG6i7wvVAa3gtJ3/ZSWaS');
insert into User (user_id, user_name, user_gender, user_email, user_age_range, signup_date, nickname, user_description, image_url, password) values (11, '김소싹', 'female', 'jdeverilla@ibm.com', '80~89', '2022-11-02', 'tbrktbrk', '나를 소개하지', 'http://dummyimage.com/128x100.png/5fa2dd/ffffff', '$2a$04$2JyECjgwlSY1CChWfxzbhuX14CXiEX3eDanOHAky0EL9GPsukeUme');
insert into User (user_id, user_name, user_gender, user_email, user_age_range, signup_date, nickname, user_description, image_url, password) values (12, '김소싹', 'female', 'hwinstoneb@macromedia.com', '10~19', '2023-02-19', 'rhgurwls', '나로 말할거 같으면', 'http://dummyimage.com/144x100.png/5fa2dd/ffffff', '$2a$04$HCLXBtQv61OJ40qzg5h2Wu8MgRoiQjuM54WTtI9NtKaAOVowWjPKm');
insert into User (user_id, user_name, user_gender, user_email, user_age_range, signup_date, nickname, user_description, image_url, password) values (13, '김철수', 'male', 'lseddonc@gov.uk', '10~19', '2022-10-27', 'tbrktbrk', '나로 말할거 같으면', 'http://dummyimage.com/113x100.png/5fa2dd/ffffff', '$2a$04$Tt0xl0b74Uo.CQTlMzoUguFmnrOjitsAnl80lYwry.aK1xNJZ3CkS');
insert into User (user_id, user_name, user_gender, user_email, user_age_range, signup_date, nickname, user_description, image_url, password) values (14, '김소싹', 'male', 'dmacskeagand@cyberchimps.com', '60~69', '2023-06-21', 'na1004', '나로 말할거 같으면', 'http://dummyimage.com/118x100.png/cc0000/ffffff', '$2a$04$hmsHSNNtpfiVFJkX4XXFP.QcaE6UDI.0tPTBQmixjWu5p0qXuIyF6');
insert into User (user_id, user_name, user_gender, user_email, user_age_range, signup_date, nickname, user_description, image_url, password) values (15, '김소싹', 'female', 'regare@e-recht24.de', '20~29', '2022-11-08', 'rhgurwls', '나로 말할거 같으면', 'http://dummyimage.com/147x100.png/dddddd/000000', '$2a$04$sVAGkGUUfL3s8BBw/yRYIe7Gc3CUpky03NhcnGHG0dyu4A9VvoG7G');
insert into User (user_id, user_name, user_gender, user_email, user_age_range, signup_date, nickname, user_description, image_url, password) values (16, '김철수', 'female', 'hquiddintonf@blogs.com', '70~79', '2023-10-24', 'rhgurwls', '나를 소개하지', 'http://dummyimage.com/115x100.png/ff4444/ffffff', '$2a$04$9dlNRidjy6ph7vh56jXsa.jaCJH.P73mChyM9WAgw.P2DrR5zI/1K');
insert into User (user_id, user_name, user_gender, user_email, user_age_range, signup_date, nickname, user_description, image_url, password) values (17, '홍길동', 'female', 'ccoltherdg@freewebs.com', '70~79', '2022-11-03', 'rhgurwls', 'hi 모두들 안녕~? 내가 누군지 아니?', 'http://dummyimage.com/125x100.png/cc0000/ffffff', '$2a$04$4I0UlYv41o0XsNJLd9bvhODpzOd51TtZQjTwkrF/y6dICSef0gAue');
insert into User (user_id, user_name, user_gender, user_email, user_age_range, signup_date, nickname, user_description, image_url, password) values (18, '김철수', 'female', 'cmoralh@squidoo.com', '40~49', '2023-07-11', 'rhgurwls', '나로 말할거 같으면', 'http://dummyimage.com/129x100.png/5fa2dd/ffffff', '$2a$04$X.wOTYUx/1Yn4QEKWLNDzex0Dlypxoif1nMPDwz7Vf1JvtfgUhtN.');
insert into User (user_id, user_name, user_gender, user_email, user_age_range, signup_date, nickname, user_description, image_url, password) values (19, '김소싹', 'male', 'ashrimplingi@barnesandnoble.com', '80~89', '2023-01-10', 'rhgurwls', '나를 소개하지', 'http://dummyimage.com/244x100.png/dddddd/000000', '$2a$04$cP38MFs3Xx9x/KuhQXI7Ie19AQ16oSoKOw8ZrPP.sy5DU5nmCL0jS');
insert into User (user_id, user_name, user_gender, user_email, user_age_range, signup_date, nickname, user_description, image_url, password) values (20, '김소싹', 'female', 'qsmartj@biblegateway.com', '10~19', '2022-11-15', 'na1004', 'hi 모두들 안녕~? 내가 누군지 아니?', 'http://dummyimage.com/196x100.png/dddddd/000000', '$2a$04$OeZo/Hc7tdgGhyWEljXpdew3cKQrIyWSsbpiu4PF1lYvZ.9cXrxPK');
insert into User (user_id, user_name, user_gender, user_email, user_age_range, signup_date, nickname, user_description, image_url, password) values (21, '김철수', 'female', 'gkeesk@yellowbook.com', '90~99', '2022-12-19', 'rhgurwls', 'hi 모두들 안녕~? 내가 누군지 아니?', 'http://dummyimage.com/121x100.png/cc0000/ffffff', '$2a$04$CcDga.36AVvvQtTX7lJmFecwsdmg3B8wiSYmD1YIIdm3Yn4hqd3sO');
insert into User (user_id, user_name, user_gender, user_email, user_age_range, signup_date, nickname, user_description, image_url, password) values (22, '홍길동', 'female', 'farthanl@illinois.edu', '30~39', '2023-08-16', 'na1004', '나로 말할거 같으면', 'http://dummyimage.com/121x100.png/5fa2dd/ffffff', '$2a$04$QrZEzSgnz6woBswsEKq2XeQtdLg4vQxkl8fj/4mscPSKBe6ZVjTSW');
insert into User (user_id, user_name, user_gender, user_email, user_age_range, signup_date, nickname, user_description, image_url, password) values (23, '김철수', 'female', 'rhailem@census.gov', '20~29', '2023-10-06', 'tbrktbrk', 'hi 모두들 안녕~? 내가 누군지 아니?', 'http://dummyimage.com/189x100.png/dddddd/000000', '$2a$04$RNYxVkRHkHLEM/yO.2MlOewL5NyLFMFcl0Hiea1P/q7xez2IN16Rm');
insert into User (user_id, user_name, user_gender, user_email, user_age_range, signup_date, nickname, user_description, image_url, password) values (24, '홍길동', 'male', 'dtownshendn@angelfire.com', '70~79', '2023-05-13', 'na1004', '나로 말할거 같으면', 'http://dummyimage.com/115x100.png/dddddd/000000', '$2a$04$MhWjpIzPf8XkaRW.2gyrceNSiTy8rHIRpOlwT4PEB2pTT3bGuWuGq');
insert into User (user_id, user_name, user_gender, user_email, user_age_range, signup_date, nickname, user_description, image_url, password) values (25, '홍길동', 'male', 'kstraseo@springer.com', '10~19', '2023-07-19', 'na1004', 'hi 모두들 안녕~? 내가 누군지 아니?', 'http://dummyimage.com/124x100.png/5fa2dd/ffffff', '$2a$04$/pavfb4AIpmhmqZxLqT7gOcyfFQCDKw.JrHOxhyjuEt8FgJZ/TDLi');
insert into User (user_id, user_name, user_gender, user_email, user_age_range, signup_date, nickname, user_description, image_url, password) values (26, '홍길동', 'male', 'ggimenezp@simplemachines.org', '50~59', '2022-12-08', 'tbrktbrk', '나를 소개하지', 'http://dummyimage.com/180x100.png/ff4444/ffffff', '$2a$04$oUuB3j6dNMkVIWjOSJLZh.Vz9WVoRM.UaJi4vV/ijojTgLTxpd2Oi');
insert into User (user_id, user_name, user_gender, user_email, user_age_range, signup_date, nickname, user_description, image_url, password) values (27, '홍길동', 'male', 'jcaldwallq@paginegialle.it', '70~79', '2022-11-28', 'tbrktbrk', '나로 말할거 같으면', 'http://dummyimage.com/125x100.png/5fa2dd/ffffff', '$2a$04$mH6UzVKo/kaximNKVfGes.djx.CkzPnF3lBW4Oi/ghU.2xGSuIsRe');
insert into User (user_id, user_name, user_gender, user_email, user_age_range, signup_date, nickname, user_description, image_url, password) values (28, '김소싹', 'female', 'tsomerledr@github.io', '10~19', '2023-08-11', 'na1004', 'hi 모두들 안녕~? 내가 누군지 아니?', 'http://dummyimage.com/111x100.png/ff4444/ffffff', '$2a$04$vmEyzlH9OglkMCMqP74TC.mR4Dn/8f02EwKPgxy4QK08uzqA5vE0K');
insert into User (user_id, user_name, user_gender, user_email, user_age_range, signup_date, nickname, user_description, image_url, password) values (29, '홍길동', 'female', 'bdunkerks@psu.edu', '40~49', '2023-07-13', 'rhgurwls', 'hi 모두들 안녕~? 내가 누군지 아니?', 'http://dummyimage.com/178x100.png/cc0000/ffffff', '$2a$04$HQBjDvR.so0tUCxJVsG3ieou6ltpBRRBdlrlurMVDt8sa/R5fgc9S');
insert into User (user_id, user_name, user_gender, user_email, user_age_range, signup_date, nickname, user_description, image_url, password) values (30, '김소싹', 'male', 'hdanielskyt@hhs.gov', '50~59', '2023-10-01', 'tbrktbrk', 'hi 모두들 안녕~? 내가 누군지 아니?', 'http://dummyimage.com/245x100.png/dddddd/000000', '$2a$04$/SnuhR9QvhAotLLbR4kIeuAavT7cAiExEJF74D9WGrjXXILmuQi.2');
insert into User (user_id, user_name, user_gender, user_email, user_age_range, signup_date, nickname, user_description, image_url, password) values (31, '홍길동', 'male', 'bbeddoeu@ox.ac.uk', '50~59', '2023-10-21', 'rhgurwls', 'hi 모두들 안녕~? 내가 누군지 아니?', 'http://dummyimage.com/122x100.png/cc0000/ffffff', '$2a$04$5gPXZDoGXQJbKUjbNXAiu.ovzyfVY73Uszn3yiG1MPu0IwCOxD7hG');
insert into User (user_id, user_name, user_gender, user_email, user_age_range, signup_date, nickname, user_description, image_url, password) values (32, '김소싹', 'male', 'kwimletv@accuweather.com', '40~49', '2023-04-01', 'tbrktbrk', 'hi 모두들 안녕~? 내가 누군지 아니?', 'http://dummyimage.com/102x100.png/ff4444/ffffff', '$2a$04$8El21y881WPvSzhP1e2BYOcBhs/KIoFSnz1zgofFODBer9qH73HAO');
insert into User (user_id, user_name, user_gender, user_email, user_age_range, signup_date, nickname, user_description, image_url, password) values (33, '홍길동', 'male', 'ecrathornew@nyu.edu', '20~29', '2023-07-09', 'rhgurwls', '나로 말할거 같으면', 'http://dummyimage.com/105x100.png/ff4444/ffffff', '$2a$04$OL1jt3GR33zeeckEleicUOT6egjhRessF2233IJzA85pD7Af8MPqi');
insert into User (user_id, user_name, user_gender, user_email, user_age_range, signup_date, nickname, user_description, image_url, password) values (34, '홍길동', 'male', 'kkarranx@github.io', '20~29', '2022-12-31', 'tbrktbrk', '나로 말할거 같으면', 'http://dummyimage.com/133x100.png/ff4444/ffffff', '$2a$04$tbEmQD9WDeZT8J1gAqC6ae/oRXl9ibCcNdRoe3PhhrjyNM8kaOzIy');
insert into User (user_id, user_name, user_gender, user_email, user_age_range, signup_date, nickname, user_description, image_url, password) values (35, '김철수', 'male', 'chappsy@aboutads.info', '40~49', '2023-03-06', 'na1004', '나로 말할거 같으면', 'http://dummyimage.com/150x100.png/dddddd/000000', '$2a$04$SaHTeSICYXFyAdBMgv3CWOGOctDVJpDAmBHyrQ0xGYstj6Ibj1RCu');
insert into User (user_id, user_name, user_gender, user_email, user_age_range, signup_date, nickname, user_description, image_url, password) values (36, '김철수', 'female', 'wrollettz@examiner.com', '60~69', '2022-11-01', 'na1004', '나로 말할거 같으면', 'http://dummyimage.com/119x100.png/cc0000/ffffff', '$2a$04$njnDP5vP7VNClCotBz6nGu29b8MZCQvkgANCguK.QA8z/oDJg2vWq');
insert into User (user_id, user_name, user_gender, user_email, user_age_range, signup_date, nickname, user_description, image_url, password) values (37, '김철수', 'female', 'rgemson10@oakley.com', '50~59', '2023-08-22', 'rhgurwls', '나를 소개하지', 'http://dummyimage.com/168x100.png/5fa2dd/ffffff', '$2a$04$Zxz/wXoLrcv75vIlwee.fuwO1wuO9mzoj.1t21TpwHNlwZxBwq8ea');
insert into User (user_id, user_name, user_gender, user_email, user_age_range, signup_date, nickname, user_description, image_url, password) values (38, '김철수', 'male', 'dmccosker11@sakura.ne.jp', '60~69', '2023-09-04', 'tbrktbrk', '나를 소개하지', 'http://dummyimage.com/206x100.png/cc0000/ffffff', '$2a$04$J6rTIwgNOzPWN/NQCxfVnOQ3DvbFsUhyn2Y4ZEU2EHLRkgpJtBnnW');
insert into User (user_id, user_name, user_gender, user_email, user_age_range, signup_date, nickname, user_description, image_url, password) values (39, '홍길동', 'male', 'hximenez12@eepurl.com', '70~79', '2023-08-23', 'tbrktbrk', '나를 소개하지', 'http://dummyimage.com/181x100.png/5fa2dd/ffffff', '$2a$04$pmsBSuJLvgscLDYITZcFCeBBIfyYvhUo6jLjT3wuqqW.22nVQG4/G');
insert into User (user_id, user_name, user_gender, user_email, user_age_range, signup_date, nickname, user_description, image_url, password) values (40, '김소싹', 'male', 'gbrickwood13@umich.edu', '40~49', '2023-05-20', 'rhgurwls', 'hi 모두들 안녕~? 내가 누군지 아니?', 'http://dummyimage.com/248x100.png/5fa2dd/ffffff', '$2a$04$619SCTPwBWPDa.zyMuxBY.BChLHQs9p1tihultAXakMBOEm5ctcgK');
insert into User (user_id, user_name, user_gender, user_email, user_age_range, signup_date, nickname, user_description, image_url, password) values (41, '김철수', 'male', 'cgrimstead14@walmart.com', '40~49', '2022-12-15', 'rhgurwls', '나를 소개하지', 'http://dummyimage.com/199x100.png/cc0000/ffffff', '$2a$04$1BYwjxuBLca8TJgd4uR/3OFZPViGmO7t3y/.skhlcdFFkUQMsf7dO');
insert into User (user_id, user_name, user_gender, user_email, user_age_range, signup_date, nickname, user_description, image_url, password) values (42, '홍길동', 'male', 'hmccowen15@statcounter.com', '90~99', '2023-05-15', 'rhgurwls', '나를 소개하지', 'http://dummyimage.com/159x100.png/5fa2dd/ffffff', '$2a$04$oAbiNCFrBsN20FEF.tTST.0Nnncm.qGL6q1yeGYu2wCJJO/sXmwDK');
insert into User (user_id, user_name, user_gender, user_email, user_age_range, signup_date, nickname, user_description, image_url, password) values (43, '김철수', 'female', 'bchessell16@umich.edu', '90~99', '2023-10-14', 'na1004', 'hi 모두들 안녕~? 내가 누군지 아니?', 'http://dummyimage.com/143x100.png/cc0000/ffffff', '$2a$04$EtBhporkESXmM166T5pEieoKJTFd5brUcTSo0fNrcS8TldA/8TEC6');
insert into User (user_id, user_name, user_gender, user_email, user_age_range, signup_date, nickname, user_description, image_url, password) values (44, '김소싹', 'male', 'ahoutbie17@people.com.cn', '50~59', '2023-07-31', 'na1004', '나로 말할거 같으면', 'http://dummyimage.com/155x100.png/dddddd/000000', '$2a$04$105qKn.JhlROIMXbKYJ5YOsZmDFnJOsxry1m9waqkxllltKAh409e');
insert into User (user_id, user_name, user_gender, user_email, user_age_range, signup_date, nickname, user_description, image_url, password) values (45, '김소싹', 'male', 'jheathcote18@lycos.com', '80~89', '2022-12-03', 'rhgurwls', '나를 소개하지', 'http://dummyimage.com/126x100.png/dddddd/000000', '$2a$04$vhE6KDA5g2TbvqRtm.LOouGt3QBvOJ4K9jfH68XU.1jJ7VaS.YP7y');
insert into User (user_id, user_name, user_gender, user_email, user_age_range, signup_date, nickname, user_description, image_url, password) values (46, '홍길동', 'male', 'rladbrooke19@yellowpages.com', '90~99', '2023-02-28', 'tbrktbrk', '나를 소개하지', 'http://dummyimage.com/224x100.png/ff4444/ffffff', '$2a$04$DndZZzJZpO93B9tr7xbzyOJANH/8GmqKKCgTsbc7lUrnPvi08N6K6');
insert into User (user_id, user_name, user_gender, user_email, user_age_range, signup_date, nickname, user_description, image_url, password) values (47, '김철수', 'female', 'redghinn1a@fastcompany.com', '90~99', '2023-02-19', 'na1004', '나로 말할거 같으면', 'http://dummyimage.com/157x100.png/dddddd/000000', '$2a$04$5Q3pwSvSMQUWFX1d1tjeFOw2kwGCtji8hgJf/UUREqVqaRFPFT.jq');
insert into User (user_id, user_name, user_gender, user_email, user_age_range, signup_date, nickname, user_description, image_url, password) values (48, '김철수', 'male', 'mrustan1b@desdev.cn', '70~79', '2023-08-19', 'tbrktbrk', '나로 말할거 같으면', 'http://dummyimage.com/214x100.png/dddddd/000000', '$2a$04$LynVRc6pnNAaGrES0k14d.pZoZkXDK1plfgL5vQzMhdiOiSmnZF9G');
insert into User (user_id, user_name, user_gender, user_email, user_age_range, signup_date, nickname, user_description, image_url, password) values (49, '김철수', 'male', 'egrutchfield1c@bbb.org', '20~29', '2023-09-08', 'na1004', 'hi 모두들 안녕~? 내가 누군지 아니?', 'http://dummyimage.com/101x100.png/ff4444/ffffff', '$2a$04$eJXmk8win8vuu8uPyOFNTODXbmJZSB2KvEmi6sKvE2Rq7p6o4klvG');
insert into User (user_id, user_name, user_gender, user_email, user_age_range, signup_date, nickname, user_description, image_url, password) values (50, '김철수', 'female', 'gfargie1d@multiply.com', '50~59', '2023-01-05', 'na1004', 'hi 모두들 안녕~? 내가 누군지 아니?', 'http://dummyimage.com/135x100.png/ff4444/ffffff', '$2a$04$VAGOvWgGVe7PXkrWuQAt9uHj3/U4jNEC5nXQnxTX924peIchKggEq');
insert into User (user_id, user_name, user_gender, user_email, user_age_range, signup_date, nickname, user_description, image_url, password) values (51, '김철수', 'male', 'sdelacote1e@instagram.com', '50~59', '2023-03-18', 'na1004', '나로 말할거 같으면', 'http://dummyimage.com/117x100.png/dddddd/000000', '$2a$04$rWhD1QAlYKgOxohfaqbqN.W6OQgto5j0vSoisiiDq.4kJXy1y4kXO');
insert into User (user_id, user_name, user_gender, user_email, user_age_range, signup_date, nickname, user_description, image_url, password) values (52, '홍길동', 'female', 'sduro1f@reuters.com', '70~79', '2023-03-15', 'na1004', '나를 소개하지', 'http://dummyimage.com/233x100.png/cc0000/ffffff', '$2a$04$fBkNlgBxjddtX.rxmRw89eVdibmgkk6O2qthsiJSaKneWcTugrY4S');
insert into User (user_id, user_name, user_gender, user_email, user_age_range, signup_date, nickname, user_description, image_url, password) values (53, '김철수', 'male', 'dmarrington1g@hugedomains.com', '70~79', '2022-12-13', 'na1004', '나를 소개하지', 'http://dummyimage.com/163x100.png/dddddd/000000', '$2a$04$.U8p.THr1RcBx536cJb8UOg3T1A/y4giF1e7nL3aBxDmB1M2NLdl.');
insert into User (user_id, user_name, user_gender, user_email, user_age_range, signup_date, nickname, user_description, image_url, password) values (54, '김철수', 'male', 'ldryburgh1h@webs.com', '50~59', '2023-10-02', 'na1004', '나를 소개하지', 'http://dummyimage.com/233x100.png/5fa2dd/ffffff', '$2a$04$IhgbmtQfDfxEY6spg5myJ.whktEI8tKhHMVzdGgdZc3z.sJyfz0Pm');
insert into User (user_id, user_name, user_gender, user_email, user_age_range, signup_date, nickname, user_description, image_url, password) values (55, '홍길동', 'female', 'tlukock1i@opensource.org', '80~89', '2022-11-01', 'tbrktbrk', 'hi 모두들 안녕~? 내가 누군지 아니?', 'http://dummyimage.com/111x100.png/cc0000/ffffff', '$2a$04$RoJxPwnpSrkZiT1t19WwsObRM86VckD.ArMAO/k9hf0EwUCbz3cmy');
insert into User (user_id, user_name, user_gender, user_email, user_age_range, signup_date, nickname, user_description, image_url, password) values (56, '김철수', 'female', 'pjonczyk1j@phoca.cz', '20~29', '2023-07-10', 'na1004', '나로 말할거 같으면', 'http://dummyimage.com/182x100.png/cc0000/ffffff', '$2a$04$zCBrZvJvRUpjaBCQjRn76OIh/Y9W9zkwolBWii9hEkdyLFJmvGRBK');
insert into User (user_id, user_name, user_gender, user_email, user_age_range, signup_date, nickname, user_description, image_url, password) values (57, '홍길동', 'male', 'emckinney1k@theguardian.com', '70~79', '2023-04-03', 'tbrktbrk', '나를 소개하지', 'http://dummyimage.com/103x100.png/dddddd/000000', '$2a$04$Ii.Jv4.yuPoRWlpT53vKiefUEdkG.kroZiagwKsNnALlubyvcA3vS');
insert into User (user_id, user_name, user_gender, user_email, user_age_range, signup_date, nickname, user_description, image_url, password) values (58, '홍길동', 'male', 'wgoady1l@slashdot.org', '10~19', '2023-05-21', 'rhgurwls', 'hi 모두들 안녕~? 내가 누군지 아니?', 'http://dummyimage.com/200x100.png/dddddd/000000', '$2a$04$tNq24HPD7m9QL3BdGMttru3DOjIaZgkDAr2lBE/nPQgMWDfARzHvW');
insert into User (user_id, user_name, user_gender, user_email, user_age_range, signup_date, nickname, user_description, image_url, password) values (59, '홍길동', 'female', 'jbehnke1m@sitemeter.com', '60~69', '2022-11-16', 'rhgurwls', '나로 말할거 같으면', 'http://dummyimage.com/116x100.png/5fa2dd/ffffff', '$2a$04$Q4aM3yhgB.tofMvA83z2xOzK9mneu3CxQkPybTwKrSESvIvXhq4eW');
insert into User (user_id, user_name, user_gender, user_email, user_age_range, signup_date, nickname, user_description, image_url, password) values (60, '홍길동', 'female', 'bwinsom1n@canalblog.com', '90~99', '2023-03-17', 'rhgurwls', 'hi 모두들 안녕~? 내가 누군지 아니?', 'http://dummyimage.com/237x100.png/5fa2dd/ffffff', '$2a$04$CxzWSl1X.I08LiMQzP4pReRsYtLOKou53IdPCtX0kdZMDyi9DsGqG');
insert into User (user_id, user_name, user_gender, user_email, user_age_range, signup_date, nickname, user_description, image_url, password) values (61, '김철수', 'female', 'mchastanet1o@ucsd.edu', '40~49', '2023-01-25', 'na1004', '나로 말할거 같으면', 'http://dummyimage.com/142x100.png/5fa2dd/ffffff', '$2a$04$G9s3zWyiwsxyeT9GqW/iBeSBE5DyIizCO51wMwfcvsloAmVvFIHtW');
insert into User (user_id, user_name, user_gender, user_email, user_age_range, signup_date, nickname, user_description, image_url, password) values (62, '홍길동', 'female', 'thague1p@cdc.gov', '60~69', '2022-11-30', 'rhgurwls', '나로 말할거 같으면', 'http://dummyimage.com/148x100.png/cc0000/ffffff', '$2a$04$1BLhMsaBCXzhRQGFfI9dAukm.3zzZQ3iYI6.BhGXxAo14G/7mN/Sm');
insert into User (user_id, user_name, user_gender, user_email, user_age_range, signup_date, nickname, user_description, image_url, password) values (63, '김철수', 'male', 'mmetzing1q@merriam-webster.com', '20~29', '2022-12-14', 'rhgurwls', 'hi 모두들 안녕~? 내가 누군지 아니?', 'http://dummyimage.com/103x100.png/cc0000/ffffff', '$2a$04$tvOOn3vOt49v7knjdNsIjuK9v8qtr/M.KZu8xfDfg5TM9pIe2urUy');
insert into User (user_id, user_name, user_gender, user_email, user_age_range, signup_date, nickname, user_description, image_url, password) values (64, '김철수', 'female', 'bdolle1r@bloglines.com', '90~99', '2023-04-21', 'tbrktbrk', 'hi 모두들 안녕~? 내가 누군지 아니?', 'http://dummyimage.com/250x100.png/cc0000/ffffff', '$2a$04$J/mbW6OTFRw/Lc1zVIL9V./d33dzGZM2QNiQ/0JqRKQzbnc5C2RvO');
insert into User (user_id, user_name, user_gender, user_email, user_age_range, signup_date, nickname, user_description, image_url, password) values (65, '김소싹', 'male', 'tdibartolomeo1s@ning.com', '90~99', '2022-12-20', 'tbrktbrk', '나를 소개하지', 'http://dummyimage.com/234x100.png/ff4444/ffffff', '$2a$04$66RjuZYf63HAsbLygMQxB.6y9r9prsiujQhc18E4C2qCzfBE35njm');
insert into User (user_id, user_name, user_gender, user_email, user_age_range, signup_date, nickname, user_description, image_url, password) values (66, '김소싹', 'male', 'lgregolotti1t@reference.com', '10~19', '2023-01-19', 'na1004', 'hi 모두들 안녕~? 내가 누군지 아니?', 'http://dummyimage.com/107x100.png/cc0000/ffffff', '$2a$04$/0hX/EypdAMts00HprW8ZOOt8Fu/h3n1wwrBRhJiuTZHNMJ7kiyNi');
insert into User (user_id, user_name, user_gender, user_email, user_age_range, signup_date, nickname, user_description, image_url, password) values (67, '홍길동', 'female', 'dgrant1u@un.org', '50~59', '2023-04-25', 'tbrktbrk', 'hi 모두들 안녕~? 내가 누군지 아니?', 'http://dummyimage.com/203x100.png/cc0000/ffffff', '$2a$04$JRCSz.LIlrj3HtlXmBapF.LnqmP0KCogjcq5nPHTH.NjYE7IWjXR2');
insert into User (user_id, user_name, user_gender, user_email, user_age_range, signup_date, nickname, user_description, image_url, password) values (68, '김철수', 'female', 'jumney1v@walmart.com', '60~69', '2023-01-13', 'na1004', 'hi 모두들 안녕~? 내가 누군지 아니?', 'http://dummyimage.com/245x100.png/cc0000/ffffff', '$2a$04$Sw6Rw.tvx6.n4X56zKGNyOIhIzqsCkl8Kzo1604O5sXgx11TW9f5a');
insert into User (user_id, user_name, user_gender, user_email, user_age_range, signup_date, nickname, user_description, image_url, password) values (69, '홍길동', 'female', 'lmoncey1w@shutterfly.com', '40~49', '2023-09-10', 'tbrktbrk', 'hi 모두들 안녕~? 내가 누군지 아니?', 'http://dummyimage.com/216x100.png/cc0000/ffffff', '$2a$04$IMrWb2O9LNT99Cw0tSoMjeCsi5OtCpH8X8aBaKNHcFKtqKT/rm6d2');
insert into User (user_id, user_name, user_gender, user_email, user_age_range, signup_date, nickname, user_description, image_url, password) values (70, '홍길동', 'female', 'gmaron1x@youtu.be', '50~59', '2023-06-06', 'rhgurwls', '나로 말할거 같으면', 'http://dummyimage.com/153x100.png/cc0000/ffffff', '$2a$04$EJtrR1KLY9.XRjjL5BENAu56lofUcIGUpiVpmCmv.Hn8ctnmug2vG');
insert into User (user_id, user_name, user_gender, user_email, user_age_range, signup_date, nickname, user_description, image_url, password) values (71, '김소싹', 'male', 'mmclelland1y@ameblo.jp', '80~89', '2022-12-27', 'tbrktbrk', '나를 소개하지', 'http://dummyimage.com/166x100.png/cc0000/ffffff', '$2a$04$YOjnhVq8pceFqspNBZe4Tuhd2L0j8HB3TzamulgvF8NhBnNusga4G');
insert into User (user_id, user_name, user_gender, user_email, user_age_range, signup_date, nickname, user_description, image_url, password) values (72, '홍길동', 'female', 'scarne1z@samsung.com', '50~59', '2022-11-10', 'rhgurwls', 'hi 모두들 안녕~? 내가 누군지 아니?', 'http://dummyimage.com/211x100.png/dddddd/000000', '$2a$04$SIKnZFYCoU970Zeb8jS2JuFgJqNZxblhmMEjSAGtz6SRa54dfUAgW');
insert into User (user_id, user_name, user_gender, user_email, user_age_range, signup_date, nickname, user_description, image_url, password) values (73, '김소싹', 'male', 'mpetrecz20@shinystat.com', '10~19', '2023-09-07', 'na1004', '나를 소개하지', 'http://dummyimage.com/203x100.png/ff4444/ffffff', '$2a$04$HHLQoUbDKsy9pz/RANExveoRNBdeScqtslW9Ld4.KAiWNMTXMKA.C');
insert into User (user_id, user_name, user_gender, user_email, user_age_range, signup_date, nickname, user_description, image_url, password) values (74, '김철수', 'male', 'tjanney21@facebook.com', '80~89', '2023-06-08', 'rhgurwls', '나로 말할거 같으면', 'http://dummyimage.com/228x100.png/5fa2dd/ffffff', '$2a$04$Iwq/jMQTjvAKy/3Nu0cwg.wXNdReoi8YWpFxZjNTWzqYJON5hckcy');
insert into User (user_id, user_name, user_gender, user_email, user_age_range, signup_date, nickname, user_description, image_url, password) values (75, '김철수', 'male', 'khollebon22@vimeo.com', '30~39', '2023-10-20', 'na1004', 'hi 모두들 안녕~? 내가 누군지 아니?', 'http://dummyimage.com/226x100.png/cc0000/ffffff', '$2a$04$nVOWJ/pmPXBbB8cGgkhnFeCCOmAEdKOBzT5V6ZQihHi1Ud0jMaPbK');
insert into User (user_id, user_name, user_gender, user_email, user_age_range, signup_date, nickname, user_description, image_url, password) values (76, '홍길동', 'female', 'ephelit23@google.nl', '20~29', '2023-05-30', 'tbrktbrk', '나를 소개하지', 'http://dummyimage.com/206x100.png/cc0000/ffffff', '$2a$04$gYzhGwVnNcJrlWPmcC8LTOm1DSMyAOj164Ww5Ijq9wXMADgCYqzla');
insert into User (user_id, user_name, user_gender, user_email, user_age_range, signup_date, nickname, user_description, image_url, password) values (77, '홍길동', 'male', 'cbrotherhed24@exblog.jp', '10~19', '2023-06-11', 'rhgurwls', '나로 말할거 같으면', 'http://dummyimage.com/150x100.png/5fa2dd/ffffff', '$2a$04$SwJlDtgfEpGrPC7HbTBpqu660CJ.mteJQNUzM5DfKBSlUDRpHhzDy');
insert into User (user_id, user_name, user_gender, user_email, user_age_range, signup_date, nickname, user_description, image_url, password) values (78, '홍길동', 'male', 'slamba25@cdbaby.com', '50~59', '2023-10-20', 'na1004', '나로 말할거 같으면', 'http://dummyimage.com/166x100.png/5fa2dd/ffffff', '$2a$04$L/1i/dvAFyGi5d6koUcmzuafPrmoQrUgnGDDHHnITdo2EajKuB2OK');
insert into User (user_id, user_name, user_gender, user_email, user_age_range, signup_date, nickname, user_description, image_url, password) values (79, '김소싹', 'female', 'ssallarie26@illinois.edu', '30~39', '2023-09-02', 'tbrktbrk', '나를 소개하지', 'http://dummyimage.com/131x100.png/cc0000/ffffff', '$2a$04$Xv5keypYYyVu5oYUy8iOYe5Mi.mr8Hhnm4wFM800OECXd.bWVprzC');
insert into User (user_id, user_name, user_gender, user_email, user_age_range, signup_date, nickname, user_description, image_url, password) values (80, '홍길동', 'female', 'kwoolard27@google.it', '90~99', '2022-12-19', 'rhgurwls', '나로 말할거 같으면', 'http://dummyimage.com/140x100.png/ff4444/ffffff', '$2a$04$RSKyhRNjd1N75/u.t8kiTOmioGlsalEVr/8MhKZj/0D38SkSV0Kma');
insert into User (user_id, user_name, user_gender, user_email, user_age_range, signup_date, nickname, user_description, image_url, password) values (81, '김소싹', 'male', 'bfader28@skype.com', '90~99', '2023-06-30', 'na1004', '나를 소개하지', 'http://dummyimage.com/235x100.png/dddddd/000000', '$2a$04$otviR0EizB4DuhbFDFgejOoxV8J.ZUwZ5wkWROrL7M/4XFkVo4bQy');
insert into User (user_id, user_name, user_gender, user_email, user_age_range, signup_date, nickname, user_description, image_url, password) values (82, '홍길동', 'female', 'dhacquel29@bing.com', '60~69', '2023-01-01', 'tbrktbrk', '나로 말할거 같으면', 'http://dummyimage.com/171x100.png/cc0000/ffffff', '$2a$04$oYXarhsDYiE9M.4oJ/hGP.KOMsNCz4PFhwQbJLxHlvcEKrykGfECa');
insert into User (user_id, user_name, user_gender, user_email, user_age_range, signup_date, nickname, user_description, image_url, password) values (83, '김철수', 'male', 'gspirritt2a@comcast.net', '90~99', '2023-08-19', 'na1004', '나를 소개하지', 'http://dummyimage.com/182x100.png/5fa2dd/ffffff', '$2a$04$5iH0/Rkgx0zuV9FyZIXvBeDDROHNrfDiMQOqoqbcD2Fsihdh3XaDK');
insert into User (user_id, user_name, user_gender, user_email, user_age_range, signup_date, nickname, user_description, image_url, password) values (84, '홍길동', 'female', 'dpattullo2b@issuu.com', '60~69', '2023-05-05', 'tbrktbrk', '나로 말할거 같으면', 'http://dummyimage.com/237x100.png/5fa2dd/ffffff', '$2a$04$glSo94Kcw9v./nEYaHKpIua5aeFoCQ4A9Px29vNA5kXZ3pIaKThD6');
insert into User (user_id, user_name, user_gender, user_email, user_age_range, signup_date, nickname, user_description, image_url, password) values (85, '김철수', 'female', 'dnemchinov2c@washingtonpost.com', '40~49', '2023-07-16', 'tbrktbrk', '나를 소개하지', 'http://dummyimage.com/242x100.png/5fa2dd/ffffff', '$2a$04$O9nxCLsxMMe7K6MG7hb/1ObsWNECkdOt12puKMQp352pb/CnQxl6C');
insert into User (user_id, user_name, user_gender, user_email, user_age_range, signup_date, nickname, user_description, image_url, password) values (86, '홍길동', 'male', 'dbolf2d@oracle.com', '50~59', '2023-08-04', 'rhgurwls', 'hi 모두들 안녕~? 내가 누군지 아니?', 'http://dummyimage.com/228x100.png/5fa2dd/ffffff', '$2a$04$I0orpoLlRLhROXeg/H1kQ.AfD0UnqBUane8GYxXS4peyiwY7nbmNS');
insert into User (user_id, user_name, user_gender, user_email, user_age_range, signup_date, nickname, user_description, image_url, password) values (87, '김소싹', 'male', 'dsmorfit2e@cnet.com', '50~59', '2023-02-18', 'tbrktbrk', 'hi 모두들 안녕~? 내가 누군지 아니?', 'http://dummyimage.com/191x100.png/ff4444/ffffff', '$2a$04$oj7GX/byBPEHYkHl6s4OUOU3VgIOgcNgm/g2tdi4MDhXvVxJbVDF2');
insert into User (user_id, user_name, user_gender, user_email, user_age_range, signup_date, nickname, user_description, image_url, password) values (88, '홍길동', 'female', 'kcaulton2f@un.org', '70~79', '2023-01-02', 'tbrktbrk', '나를 소개하지', 'http://dummyimage.com/243x100.png/ff4444/ffffff', '$2a$04$NlGaFrPwBLh/R72In02BlOf21vmN9eKep02bjHgaWI.eUoG235VWK');
insert into User (user_id, user_name, user_gender, user_email, user_age_range, signup_date, nickname, user_description, image_url, password) values (89, '김소싹', 'male', 'bgarmon2g@macromedia.com', '60~69', '2023-09-06', 'na1004', '나로 말할거 같으면', 'http://dummyimage.com/161x100.png/cc0000/ffffff', '$2a$04$3Kn2R7afaocb6oi1itkjoehPwhpRiPaqIVb.emFyC/w3yareKmT3m');
insert into User (user_id, user_name, user_gender, user_email, user_age_range, signup_date, nickname, user_description, image_url, password) values (90, '홍길동', 'female', 'ldransfield2h@mac.com', '20~29', '2023-07-12', 'rhgurwls', '나를 소개하지', 'http://dummyimage.com/168x100.png/cc0000/ffffff', '$2a$04$zuLnub66gF9C.TCBSNbbK.oDPgEJcP14hSHF.ivLv0h6uBqX72sOm');
insert into User (user_id, user_name, user_gender, user_email, user_age_range, signup_date, nickname, user_description, image_url, password) values (91, '김소싹', 'female', 'usommerfeld2i@slashdot.org', '40~49', '2023-04-15', 'rhgurwls', '나로 말할거 같으면', 'http://dummyimage.com/154x100.png/dddddd/000000', '$2a$04$kZc0e6C7z8KN/ii2FS3COO9cp.RoyrJa4w9lMT7S8DYJ6WCgjP7im');
insert into User (user_id, user_name, user_gender, user_email, user_age_range, signup_date, nickname, user_description, image_url, password) values (92, '김철수', 'female', 'acartmel2j@networksolutions.com', '10~19', '2023-10-22', 'na1004', 'hi 모두들 안녕~? 내가 누군지 아니?', 'http://dummyimage.com/121x100.png/cc0000/ffffff', '$2a$04$4Pv4gW3udFLhg3eF6HqIbOWvcmN/Fwc/jbQDmkcI0xLsIWEVl.rYC');
insert into User (user_id, user_name, user_gender, user_email, user_age_range, signup_date, nickname, user_description, image_url, password) values (93, '홍길동', 'male', 'estave2k@ucoz.com', '10~19', '2023-02-03', 'tbrktbrk', 'hi 모두들 안녕~? 내가 누군지 아니?', 'http://dummyimage.com/107x100.png/dddddd/000000', '$2a$04$TOOC/pgpFiVOrjkTu0OhveFuMZwZUSLCE/7gSQ.QAsTKdbcNB6T42');
insert into User (user_id, user_name, user_gender, user_email, user_age_range, signup_date, nickname, user_description, image_url, password) values (94, '김소싹', 'male', 'acamelli2l@digg.com', '90~99', '2023-01-16', 'na1004', 'hi 모두들 안녕~? 내가 누군지 아니?', 'http://dummyimage.com/224x100.png/dddddd/000000', '$2a$04$CwTMYLZOtpGfoh6r1Fbr7.KBDCxEl9WDg6VKES6Wv8.NhCMcEvZny');
insert into User (user_id, user_name, user_gender, user_email, user_age_range, signup_date, nickname, user_description, image_url, password) values (95, '김소싹', 'male', 'brodell2m@ucoz.ru', '80~89', '2023-03-31', 'tbrktbrk', 'hi 모두들 안녕~? 내가 누군지 아니?', 'http://dummyimage.com/143x100.png/cc0000/ffffff', '$2a$04$tKkTcjHlIBrlUMbEx4N95OYB0vg.kdxHBNjw1mpqge1brUuU4zksW');
insert into User (user_id, user_name, user_gender, user_email, user_age_range, signup_date, nickname, user_description, image_url, password) values (96, '김철수', 'male', 'kflury2n@youtu.be', '90~99', '2023-07-02', 'tbrktbrk', '나를 소개하지', 'http://dummyimage.com/196x100.png/5fa2dd/ffffff', '$2a$04$aSMKxzzJfpJCbSO25JucmOgKhd./36hPJ.2BsCOCYhkGVXLJjkhE6');
insert into User (user_id, user_name, user_gender, user_email, user_age_range, signup_date, nickname, user_description, image_url, password) values (97, '김철수', 'male', 'hgostridge2o@nature.com', '70~79', '2023-05-02', 'na1004', '나를 소개하지', 'http://dummyimage.com/104x100.png/cc0000/ffffff', '$2a$04$.2HJWHVBtAKsz9t6taNCieQrzQ7BoGnUVOzPGxgHldd8HzlnCPK2S');
insert into User (user_id, user_name, user_gender, user_email, user_age_range, signup_date, nickname, user_description, image_url, password) values (98, '홍길동', 'male', 'bklampt2p@friendfeed.com', '30~39', '2023-01-09', 'na1004', 'hi 모두들 안녕~? 내가 누군지 아니?', 'http://dummyimage.com/135x100.png/ff4444/ffffff', '$2a$04$GTK5c.7Zd6p0n0jRWsrukeyzd8fRxht6.IcBWTzj4iPYp6GWwXLda');
insert into User (user_id, user_name, user_gender, user_email, user_age_range, signup_date, nickname, user_description, image_url, password) values (99, '김철수', 'male', 'ewethey2q@php.net', '60~69', '2023-09-14', 'tbrktbrk', '나를 소개하지', 'http://dummyimage.com/209x100.png/ff4444/ffffff', '$2a$04$qs9gySWNxyZfl4C4WIw1me4opfAdt64yipZpqJiUIQBKAdA8u12wS');
insert into User (user_id, user_name, user_gender, user_email, user_age_range, signup_date, nickname, user_description, image_url, password) values (100, '김철수', 'female', 'mwellesley2r@hhs.gov', '10~19', '2023-01-19', 'na1004', 'hi 모두들 안녕~? 내가 누군지 아니?', 'http://dummyimage.com/144x100.png/5fa2dd/ffffff', '$2a$04$mnzQav296l.dFlGx0rgbROkIKvdK2LDMQBsnnj2Jn11GtTLmcjqjq');

-- schedule
insert into Schedule (schedule_id, schedule_name, schedule_description, start_date, finish_date, chat_url, user_id) values (1, '와~ 여름이다! 부산', '사진 잘찍음', '2023-09-22', '2023-03-23', 'https://un.org/phasellus.png', 1);
insert into Schedule (schedule_id, schedule_name, schedule_description, start_date, finish_date, chat_url, user_id) values (2, '와~ 여름이다! 부산', '사진 잘찍음', '2023-05-10', '2023-05-10', 'https://dailymotion.com/ut/dolor/morbi.js', 3);
insert into Schedule (schedule_id, schedule_name, schedule_description, start_date, finish_date, chat_url, user_id) values (3, '와~ 여름이다! 부산', '인생샷 내가 건져줌!', '2023-10-03', '2023-09-25', 'http://redcross.org/habitasse/platea/dictumst/aliquam/augue/quam/sollicitudin.jsp', 2);
insert into Schedule (schedule_id, schedule_name, schedule_description, start_date, finish_date, chat_url, user_id) values (4, '나랑 별보러 가지 않을래~ 강원', '심심하지 않을만큼 재밌게 해드림', '2023-09-24', '2023-01-12', 'https://cbslocal.com/non/lectus/aliquam.jsp', 5);
insert into Schedule (schedule_id, schedule_name, schedule_description, start_date, finish_date, chat_url, user_id) values (5, '나랑 별보러 가지 않을래~ 강원', '사진 잘찍음', '2023-10-13', '2023-03-11', 'https://wired.com/consequat/nulla.png', 3);
insert into Schedule (schedule_id, schedule_name, schedule_description, start_date, finish_date, chat_url, user_id) values (6, '떠나자! 제주도', '인생샷 내가 건져줌!', '2022-12-16', '2023-05-29', 'http://google.com.br/suspendisse/potenti/nullam/porttitor/lacus.html', 1);
insert into Schedule (schedule_id, schedule_name, schedule_description, start_date, finish_date, chat_url, user_id) values (7, '나랑 별보러 가지 않을래~ 강원', '인생샷 내가 건져줌!', '2023-07-24', '2023-02-01', 'http://squarespace.com/platea/dictumst/morbi/vestibulum/velit.xml', 2);
insert into Schedule (schedule_id, schedule_name, schedule_description, start_date, finish_date, chat_url, user_id) values (8, '떠나자! 제주도', '인생샷 내가 건져줌!', '2023-09-10', '2023-05-24', 'http://reuters.com/a/pede/posuere.xml', 3);
insert into Schedule (schedule_id, schedule_name, schedule_description, start_date, finish_date, chat_url, user_id) values (9, '와~ 여름이다! 부산', '심심하지 않을만큼 재밌게 해드림', '2022-10-31', '2023-06-29', 'http://github.io/phasellus/id/sapien/in.jpg', 1);
insert into Schedule (schedule_id, schedule_name, schedule_description, start_date, finish_date, chat_url, user_id) values (10, '나랑 별보러 가지 않을래~ 강원', '사진 잘찍음', '2023-04-14', '2023-04-04', 'http://techcrunch.com/eu/nibh/quisque/id/justo/sit.js', 5);
insert into Schedule (schedule_id, schedule_name, schedule_description, start_date, finish_date, chat_url, user_id) values (11, '나랑 별보러 가지 않을래~ 강원', '사진 잘찍음', '2023-05-17', '2023-03-03', 'http://usatoday.com/nibh/fusce/lacus/purus/aliquet/at/feugiat.json', 1);
insert into Schedule (schedule_id, schedule_name, schedule_description, start_date, finish_date, chat_url, user_id) values (12, '와~ 여름이다! 부산', '사진 잘찍음', '2023-02-08', '2023-01-04', 'https://nifty.com/at.xml', 4);
insert into Schedule (schedule_id, schedule_name, schedule_description, start_date, finish_date, chat_url, user_id) values (13, '나랑 별보러 가지 않을래~ 강원', '심심하지 않을만큼 재밌게 해드림', '2023-03-23', '2023-07-31', 'http://vistaprint.com/laoreet.jpg', 4);
insert into Schedule (schedule_id, schedule_name, schedule_description, start_date, finish_date, chat_url, user_id) values (14, '나랑 별보러 가지 않을래~ 강원', '심심하지 않을만큼 재밌게 해드림', '2023-05-19', '2023-07-22', 'https://whitehouse.gov/vulputate/ut/ultrices/vel/augue/vestibulum/ante.png', 5);
insert into Schedule (schedule_id, schedule_name, schedule_description, start_date, finish_date, chat_url, user_id) values (15, '와~ 여름이다! 부산', '사진 잘찍음', '2023-05-17', '2022-12-05', 'https://xrea.com/sollicitudin/ut/suscipit.html', 3);
insert into Schedule (schedule_id, schedule_name, schedule_description, start_date, finish_date, chat_url, user_id) values (16, '나랑 별보러 가지 않을래~ 강원', '인생샷 내가 건져줌!', '2023-02-20', '2023-07-31', 'https://example.com/pede/venenatis/non/sodales/sed/tincidunt.xml', 1);
insert into Schedule (schedule_id, schedule_name, schedule_description, start_date, finish_date, chat_url, user_id) values (17, '떠나자! 제주도', '심심하지 않을만큼 재밌게 해드림', '2023-06-20', '2023-08-03', 'http://amazon.co.uk/tincidunt/ante/vel/ipsum/praesent/blandit.jsp', 3);
insert into Schedule (schedule_id, schedule_name, schedule_description, start_date, finish_date, chat_url, user_id) values (18, '나랑 별보러 가지 않을래~ 강원', '사진 잘찍음', '2022-10-12', '2022-12-03', 'http://liveinternet.ru/eget/nunc/donec.png', 2);
insert into Schedule (schedule_id, schedule_name, schedule_description, start_date, finish_date, chat_url, user_id) values (19, '나랑 별보러 가지 않을래~ 강원', '심심하지 않을만큼 재밌게 해드림', '2022-10-08', '2023-10-07', 'https://technorati.com/nunc/proin/at/turpis/a/pede.js', 1);
insert into Schedule (schedule_id, schedule_name, schedule_description, start_date, finish_date, chat_url, user_id) values (20, '떠나자! 제주도', '인생샷 내가 건져줌!', '2023-03-28', '2022-12-08', 'https://google.co.jp/morbi/odio/odio/elementum.jpg', 5);
insert into Schedule (schedule_id, schedule_name, schedule_description, start_date, finish_date, chat_url, user_id) values (21, '나랑 별보러 가지 않을래~ 강원', '인생샷 내가 건져줌!', '2023-10-16', '2023-09-19', 'https://tinypic.com/ac/nulla/sed/vel.xml', 4);
insert into Schedule (schedule_id, schedule_name, schedule_description, start_date, finish_date, chat_url, user_id) values (22, '나랑 별보러 가지 않을래~ 강원', '사진 잘찍음', '2022-10-10', '2022-11-23', 'http://utexas.edu/et/tempus/semper.xml', 4);
insert into Schedule (schedule_id, schedule_name, schedule_description, start_date, finish_date, chat_url, user_id) values (23, '떠나자! 제주도', '사진 잘찍음', '2023-06-15', '2023-09-12', 'http://surveymonkey.com/sit.aspx', 3);
insert into Schedule (schedule_id, schedule_name, schedule_description, start_date, finish_date, chat_url, user_id) values (24, '와~ 여름이다! 부산', '심심하지 않을만큼 재밌게 해드림', '2022-12-24', '2023-02-09', 'http://github.com/id/massa/id/nisl/venenatis.html', 2);
insert into Schedule (schedule_id, schedule_name, schedule_description, start_date, finish_date, chat_url, user_id) values (25, '떠나자! 제주도', '인생샷 내가 건져줌!', '2022-10-08', '2023-11-01', 'http://miitbeian.gov.cn/felis/ut/at/dolor.js', 5);
insert into Schedule (schedule_id, schedule_name, schedule_description, start_date, finish_date, chat_url, user_id) values (26, '와~ 여름이다! 부산', '인생샷 내가 건져줌!', '2022-11-02', '2022-11-12', 'http://parallels.com/parturient/montes/nascetur/ridiculus/mus.png', 5);
insert into Schedule (schedule_id, schedule_name, schedule_description, start_date, finish_date, chat_url, user_id) values (27, '와~ 여름이다! 부산', '인생샷 내가 건져줌!', '2023-04-04', '2023-01-25', 'http://symantec.com/vitae/ipsum/aliquam/non/mauris/morbi.json', 3);
insert into Schedule (schedule_id, schedule_name, schedule_description, start_date, finish_date, chat_url, user_id) values (28, '와~ 여름이다! 부산', '사진 잘찍음', '2023-08-01', '2023-01-19', 'http://networksolutions.com/magna.js', 3);
insert into Schedule (schedule_id, schedule_name, schedule_description, start_date, finish_date, chat_url, user_id) values (29, '떠나자! 제주도', '사진 잘찍음', '2022-11-19', '2023-02-06', 'http://sakura.ne.jp/aliquam/non/mauris/morbi.jpg', 4);
insert into Schedule (schedule_id, schedule_name, schedule_description, start_date, finish_date, chat_url, user_id) values (30, '나랑 별보러 가지 않을래~ 강원', '심심하지 않을만큼 재밌게 해드림', '2023-08-14', '2023-09-08', 'http://yahoo.com/mi/in.xml', 2);
insert into Schedule (schedule_id, schedule_name, schedule_description, start_date, finish_date, chat_url, user_id) values (31, '나랑 별보러 가지 않을래~ 강원', '사진 잘찍음', '2023-02-28', '2023-10-29', 'http://cdc.gov/maecenas/ut/massa.jsp', 1);
insert into Schedule (schedule_id, schedule_name, schedule_description, start_date, finish_date, chat_url, user_id) values (32, '나랑 별보러 가지 않을래~ 강원', '사진 잘찍음', '2023-02-27', '2023-05-22', 'http://artisteer.com/scelerisque/quam/turpis/adipiscing/lorem/vitae.xml', 3);
insert into Schedule (schedule_id, schedule_name, schedule_description, start_date, finish_date, chat_url, user_id) values (33, '와~ 여름이다! 부산', '심심하지 않을만큼 재밌게 해드림', '2022-12-20', '2023-11-08', 'http://dailymotion.com/ridiculus/mus.jsp', 1);
insert into Schedule (schedule_id, schedule_name, schedule_description, start_date, finish_date, chat_url, user_id) values (34, '나랑 별보러 가지 않을래~ 강원', '사진 잘찍음', '2023-10-21', '2023-02-09', 'http://berkeley.edu/eros/vestibulum/ac.html', 1);
insert into Schedule (schedule_id, schedule_name, schedule_description, start_date, finish_date, chat_url, user_id) values (35, '떠나자! 제주도', '인생샷 내가 건져줌!', '2023-01-29', '2022-11-25', 'https://indiatimes.com/dictumst/etiam/faucibus.json', 2);
insert into Schedule (schedule_id, schedule_name, schedule_description, start_date, finish_date, chat_url, user_id) values (36, '나랑 별보러 가지 않을래~ 강원', '심심하지 않을만큼 재밌게 해드림', '2022-10-05', '2023-08-17', 'https://alibaba.com/justo/nec/condimentum/neque.aspx', 3);
insert into Schedule (schedule_id, schedule_name, schedule_description, start_date, finish_date, chat_url, user_id) values (37, '와~ 여름이다! 부산', '사진 잘찍음', '2022-12-05', '2023-10-06', 'http://nifty.com/pede/venenatis/non/sodales/sed.js', 3);
insert into Schedule (schedule_id, schedule_name, schedule_description, start_date, finish_date, chat_url, user_id) values (38, '나랑 별보러 가지 않을래~ 강원', '인생샷 내가 건져줌!', '2022-12-06', '2023-04-03', 'http://seattletimes.com/lorem/integer/tincidunt/ante/vel/ipsum/praesent.jpg', 1);
insert into Schedule (schedule_id, schedule_name, schedule_description, start_date, finish_date, chat_url, user_id) values (39, '떠나자! 제주도', '심심하지 않을만큼 재밌게 해드림', '2023-02-23', '2023-07-30', 'http://ucsd.edu/aliquet/pulvinar/sed.json', 3);
insert into Schedule (schedule_id, schedule_name, schedule_description, start_date, finish_date, chat_url, user_id) values (40, '나랑 별보러 가지 않을래~ 강원', '사진 잘찍음', '2022-12-07', '2023-06-16', 'https://narod.ru/diam/erat/fermentum.xml', 4);
insert into Schedule (schedule_id, schedule_name, schedule_description, start_date, finish_date, chat_url, user_id) values (41, '나랑 별보러 가지 않을래~ 강원', '인생샷 내가 건져줌!', '2022-12-12', '2023-04-27', 'https://aol.com/blandit/ultrices/enim/lorem/ipsum.jsp', 5);
insert into Schedule (schedule_id, schedule_name, schedule_description, start_date, finish_date, chat_url, user_id) values (42, '나랑 별보러 가지 않을래~ 강원', '심심하지 않을만큼 재밌게 해드림', '2023-04-17', '2023-04-30', 'https://com.com/nisl.js', 3);
insert into Schedule (schedule_id, schedule_name, schedule_description, start_date, finish_date, chat_url, user_id) values (43, '떠나자! 제주도', '심심하지 않을만큼 재밌게 해드림', '2022-10-06', '2023-01-17', 'https://i2i.jp/in/quam/fringilla/rhoncus.json', 4);
insert into Schedule (schedule_id, schedule_name, schedule_description, start_date, finish_date, chat_url, user_id) values (44, '떠나자! 제주도', '인생샷 내가 건져줌!', '2022-11-03', '2023-01-21', 'https://oracle.com/orci/pede/venenatis/non/sodales/sed.xml', 5);
insert into Schedule (schedule_id, schedule_name, schedule_description, start_date, finish_date, chat_url, user_id) values (45, '떠나자! 제주도', '심심하지 않을만큼 재밌게 해드림', '2023-03-29', '2023-04-22', 'https://fda.gov/in.json', 2);
insert into Schedule (schedule_id, schedule_name, schedule_description, start_date, finish_date, chat_url, user_id) values (46, '와~ 여름이다! 부산', '사진 잘찍음', '2023-07-13', '2022-11-18', 'https://ning.com/felis/sed/lacus/morbi/sem.xml', 1);
insert into Schedule (schedule_id, schedule_name, schedule_description, start_date, finish_date, chat_url, user_id) values (47, '나랑 별보러 가지 않을래~ 강원', '인생샷 내가 건져줌!', '2022-11-25', '2022-12-23', 'https://360.cn/in/magna/bibendum/imperdiet.jpg', 5);
insert into Schedule (schedule_id, schedule_name, schedule_description, start_date, finish_date, chat_url, user_id) values (48, '와~ 여름이다! 부산', '사진 잘찍음', '2023-09-15', '2023-01-26', 'http://ibm.com/arcu/adipiscing/molestie/hendrerit.jpg', 1);
insert into Schedule (schedule_id, schedule_name, schedule_description, start_date, finish_date, chat_url, user_id) values (49, '와~ 여름이다! 부산', '인생샷 내가 건져줌!', '2023-01-15', '2023-01-05', 'https://alibaba.com/mauris/sit.aspx', 1);
insert into Schedule (schedule_id, schedule_name, schedule_description, start_date, finish_date, chat_url, user_id) values (50, '와~ 여름이다! 부산', '인생샷 내가 건져줌!', '2023-04-05', '2022-12-21', 'http://creativecommons.org/congue/etiam/justo.jsp', 4);
insert into Schedule (schedule_id, schedule_name, schedule_description, start_date, finish_date, chat_url, user_id) values (51, '와~ 여름이다! 부산', '사진 잘찍음', '2022-12-07', '2023-11-02', 'http://ucla.edu/varius/nulla/facilisi/cras/non/velit/nec.jpg', 5);
insert into Schedule (schedule_id, schedule_name, schedule_description, start_date, finish_date, chat_url, user_id) values (52, '떠나자! 제주도', '심심하지 않을만큼 재밌게 해드림', '2023-06-17', '2023-08-14', 'http://vimeo.com/erat/vestibulum/sed/magna.json', 4);
insert into Schedule (schedule_id, schedule_name, schedule_description, start_date, finish_date, chat_url, user_id) values (53, '나랑 별보러 가지 않을래~ 강원', '사진 잘찍음', '2023-10-07', '2023-01-01', 'https://ft.com/rhoncus/dui/vel/sem/sed.json', 1);
insert into Schedule (schedule_id, schedule_name, schedule_description, start_date, finish_date, chat_url, user_id) values (54, '나랑 별보러 가지 않을래~ 강원', '심심하지 않을만큼 재밌게 해드림', '2023-02-07', '2023-01-24', 'http://ucsd.edu/faucibus/accumsan/odio/curabitur.json', 5);
insert into Schedule (schedule_id, schedule_name, schedule_description, start_date, finish_date, chat_url, user_id) values (55, '와~ 여름이다! 부산', '인생샷 내가 건져줌!', '2023-01-17', '2023-02-15', 'http://independent.co.uk/ridiculus/mus.jpg', 1);
insert into Schedule (schedule_id, schedule_name, schedule_description, start_date, finish_date, chat_url, user_id) values (56, '와~ 여름이다! 부산', '심심하지 않을만큼 재밌게 해드림', '2023-01-23', '2023-02-18', 'http://netlog.com/in/hac/habitasse.jpg', 1);
insert into Schedule (schedule_id, schedule_name, schedule_description, start_date, finish_date, chat_url, user_id) values (57, '떠나자! 제주도', '사진 잘찍음', '2023-01-23', '2023-10-20', 'http://github.io/amet/turpis.html', 3);
insert into Schedule (schedule_id, schedule_name, schedule_description, start_date, finish_date, chat_url, user_id) values (58, '나랑 별보러 가지 않을래~ 강원', '심심하지 않을만큼 재밌게 해드림', '2023-01-08', '2023-04-24', 'http://cbsnews.com/in/faucibus/orci/luctus/et/ultrices/posuere.aspx', 5);
insert into Schedule (schedule_id, schedule_name, schedule_description, start_date, finish_date, chat_url, user_id) values (59, '와~ 여름이다! 부산', '사진 잘찍음', '2023-06-12', '2023-11-21', 'https://un.org/luctus.jsp', 1);
insert into Schedule (schedule_id, schedule_name, schedule_description, start_date, finish_date, chat_url, user_id) values (60, '나랑 별보러 가지 않을래~ 강원', '인생샷 내가 건져줌!', '2023-09-04', '2023-08-15', 'http://umich.edu/lacinia/nisi/venenatis/tristique.json', 1);
insert into Schedule (schedule_id, schedule_name, schedule_description, start_date, finish_date, chat_url, user_id) values (61, '떠나자! 제주도', '심심하지 않을만큼 재밌게 해드림', '2023-01-16', '2023-09-19', 'http://examiner.com/fusce/congue/diam.jpg', 2);
insert into Schedule (schedule_id, schedule_name, schedule_description, start_date, finish_date, chat_url, user_id) values (62, '나랑 별보러 가지 않을래~ 강원', '인생샷 내가 건져줌!', '2022-12-17', '2023-10-13', 'https://acquirethisname.com/sed/ante/vivamus/tortor/duis/mattis/egestas.jsp', 3);
insert into Schedule (schedule_id, schedule_name, schedule_description, start_date, finish_date, chat_url, user_id) values (63, '나랑 별보러 가지 않을래~ 강원', '사진 잘찍음', '2023-09-19', '2022-12-06', 'http://trellian.com/vitae.aspx', 3);
insert into Schedule (schedule_id, schedule_name, schedule_description, start_date, finish_date, chat_url, user_id) values (64, '떠나자! 제주도', '인생샷 내가 건져줌!', '2023-07-21', '2023-01-21', 'https://free.fr/duis/bibendum/morbi/non/quam/nec/dui.js', 5);
insert into Schedule (schedule_id, schedule_name, schedule_description, start_date, finish_date, chat_url, user_id) values (65, '나랑 별보러 가지 않을래~ 강원', '인생샷 내가 건져줌!', '2023-05-04', '2022-12-13', 'https://nationalgeographic.com/at/nunc.html', 5);
insert into Schedule (schedule_id, schedule_name, schedule_description, start_date, finish_date, chat_url, user_id) values (66, '나랑 별보러 가지 않을래~ 강원', '심심하지 않을만큼 재밌게 해드림', '2022-10-27', '2023-03-09', 'http://prnewswire.com/ac/consequat/metus.jpg', 2);
insert into Schedule (schedule_id, schedule_name, schedule_description, start_date, finish_date, chat_url, user_id) values (67, '나랑 별보러 가지 않을래~ 강원', '인생샷 내가 건져줌!', '2023-10-16', '2023-02-21', 'http://goo.gl/morbi/vestibulum.png', 1);
insert into Schedule (schedule_id, schedule_name, schedule_description, start_date, finish_date, chat_url, user_id) values (68, '떠나자! 제주도', '인생샷 내가 건져줌!', '2023-07-05', '2023-03-22', 'https://nature.com/nisi.html', 3);
insert into Schedule (schedule_id, schedule_name, schedule_description, start_date, finish_date, chat_url, user_id) values (69, '와~ 여름이다! 부산', '사진 잘찍음', '2023-07-12', '2023-03-30', 'http://mac.com/nibh/quisque/id.jsp', 3);
insert into Schedule (schedule_id, schedule_name, schedule_description, start_date, finish_date, chat_url, user_id) values (70, '떠나자! 제주도', '심심하지 않을만큼 재밌게 해드림', '2023-06-10', '2023-07-02', 'https://meetup.com/orci/luctus/et/ultrices/posuere/cubilia.js', 4);
insert into Schedule (schedule_id, schedule_name, schedule_description, start_date, finish_date, chat_url, user_id) values (71, '와~ 여름이다! 부산', '인생샷 내가 건져줌!', '2023-06-10', '2023-08-21', 'http://behance.net/pellentesque/ultrices/phasellus/id/sapien.js', 2);
insert into Schedule (schedule_id, schedule_name, schedule_description, start_date, finish_date, chat_url, user_id) values (72, '와~ 여름이다! 부산', '심심하지 않을만큼 재밌게 해드림', '2022-12-28', '2023-06-13', 'http://github.com/dis/parturient.jsp', 3);
insert into Schedule (schedule_id, schedule_name, schedule_description, start_date, finish_date, chat_url, user_id) values (73, '떠나자! 제주도', '심심하지 않을만큼 재밌게 해드림', '2022-11-02', '2022-11-20', 'https://google.com/euismod/scelerisque/quam/turpis/adipiscing/lorem.jsp', 3);
insert into Schedule (schedule_id, schedule_name, schedule_description, start_date, finish_date, chat_url, user_id) values (74, '나랑 별보러 가지 않을래~ 강원', '인생샷 내가 건져줌!', '2023-09-14', '2023-05-03', 'https://plala.or.jp/scelerisque/mauris/sit/amet/eros/suspendisse/accumsan.png', 4);
insert into Schedule (schedule_id, schedule_name, schedule_description, start_date, finish_date, chat_url, user_id) values (75, '떠나자! 제주도', '인생샷 내가 건져줌!', '2023-06-28', '2023-10-16', 'http://dell.com/elementum/pellentesque.aspx', 1);
insert into Schedule (schedule_id, schedule_name, schedule_description, start_date, finish_date, chat_url, user_id) values (76, '와~ 여름이다! 부산', '사진 잘찍음', '2022-12-14', '2023-08-18', 'https://hostgator.com/vitae/mattis/nibh/ligula.xml', 2);
insert into Schedule (schedule_id, schedule_name, schedule_description, start_date, finish_date, chat_url, user_id) values (77, '와~ 여름이다! 부산', '사진 잘찍음', '2023-10-18', '2023-01-16', 'http://webeden.co.uk/varius/ut/blandit/non/interdum/in/ante.js', 4);
insert into Schedule (schedule_id, schedule_name, schedule_description, start_date, finish_date, chat_url, user_id) values (78, '와~ 여름이다! 부산', '사진 잘찍음', '2023-10-12', '2023-09-24', 'http://businessweek.com/at/diam.js', 1);
insert into Schedule (schedule_id, schedule_name, schedule_description, start_date, finish_date, chat_url, user_id) values (79, '떠나자! 제주도', '사진 잘찍음', '2023-04-22', '2023-10-14', 'http://sitemeter.com/dignissim/vestibulum/vestibulum/ante/ipsum.html', 4);
insert into Schedule (schedule_id, schedule_name, schedule_description, start_date, finish_date, chat_url, user_id) values (80, '와~ 여름이다! 부산', '심심하지 않을만큼 재밌게 해드림', '2023-06-30', '2023-11-13', 'http://aol.com/amet/consectetuer/adipiscing/elit/proin.jsp', 2);
insert into Schedule (schedule_id, schedule_name, schedule_description, start_date, finish_date, chat_url, user_id) values (81, '나랑 별보러 가지 않을래~ 강원', '사진 잘찍음', '2023-07-16', '2022-12-06', 'http://google.co.uk/non/lectus/aliquam/sit/amet/diam/in.json', 4);
insert into Schedule (schedule_id, schedule_name, schedule_description, start_date, finish_date, chat_url, user_id) values (82, '와~ 여름이다! 부산', '인생샷 내가 건져줌!', '2023-02-07', '2023-04-14', 'https://weibo.com/etiam/vel/augue.aspx', 5);
insert into Schedule (schedule_id, schedule_name, schedule_description, start_date, finish_date, chat_url, user_id) values (83, '떠나자! 제주도', '심심하지 않을만큼 재밌게 해드림', '2023-03-04', '2022-11-01', 'http://java.com/nisl/ut/volutpat/sapien.jpg', 2);
insert into Schedule (schedule_id, schedule_name, schedule_description, start_date, finish_date, chat_url, user_id) values (84, '떠나자! 제주도', '심심하지 않을만큼 재밌게 해드림', '2022-11-17', '2023-04-08', 'https://cocolog-nifty.com/posuere/cubilia.json', 1);
insert into Schedule (schedule_id, schedule_name, schedule_description, start_date, finish_date, chat_url, user_id) values (85, '와~ 여름이다! 부산', '사진 잘찍음', '2022-11-17', '2023-09-10', 'https://booking.com/posuere/felis/sed/lacus.aspx', 2);
insert into Schedule (schedule_id, schedule_name, schedule_description, start_date, finish_date, chat_url, user_id) values (86, '떠나자! 제주도', '인생샷 내가 건져줌!', '2022-10-19', '2023-08-13', 'https://cdbaby.com/dolor/quis/odio/consequat.html', 4);
insert into Schedule (schedule_id, schedule_name, schedule_description, start_date, finish_date, chat_url, user_id) values (87, '와~ 여름이다! 부산', '사진 잘찍음', '2023-03-23', '2022-12-18', 'https://google.ru/bibendum/imperdiet/nullam/orci/pede/venenatis/non.js', 1);
insert into Schedule (schedule_id, schedule_name, schedule_description, start_date, finish_date, chat_url, user_id) values (88, '와~ 여름이다! 부산', '사진 잘찍음', '2023-04-08', '2023-06-08', 'https://apple.com/quisque/porta/volutpat/erat.html', 2);
insert into Schedule (schedule_id, schedule_name, schedule_description, start_date, finish_date, chat_url, user_id) values (89, '나랑 별보러 가지 않을래~ 강원', '인생샷 내가 건져줌!', '2023-01-15', '2022-12-02', 'https://skype.com/commodo/placerat/praesent/blandit/nam.html', 5);
insert into Schedule (schedule_id, schedule_name, schedule_description, start_date, finish_date, chat_url, user_id) values (90, '와~ 여름이다! 부산', '인생샷 내가 건져줌!', '2023-08-08', '2023-03-28', 'https://odnoklassniki.ru/suscipit/ligula/in/lacus/curabitur.xml', 2);
insert into Schedule (schedule_id, schedule_name, schedule_description, start_date, finish_date, chat_url, user_id) values (91, '떠나자! 제주도', '사진 잘찍음', '2023-04-22', '2023-02-24', 'https://stanford.edu/mauris/enim/leo/rhoncus/sed/vestibulum/sit.json', 1);
insert into Schedule (schedule_id, schedule_name, schedule_description, start_date, finish_date, chat_url, user_id) values (92, '와~ 여름이다! 부산', '심심하지 않을만큼 재밌게 해드림', '2023-02-02', '2023-02-25', 'https://java.com/sapien/iaculis/congue.json', 3);
insert into Schedule (schedule_id, schedule_name, schedule_description, start_date, finish_date, chat_url, user_id) values (93, '와~ 여름이다! 부산', '인생샷 내가 건져줌!', '2023-05-26', '2023-01-21', 'https://cnn.com/commodo/vulputate/justo/in.jsp', 2);
insert into Schedule (schedule_id, schedule_name, schedule_description, start_date, finish_date, chat_url, user_id) values (94, '떠나자! 제주도', '심심하지 않을만큼 재밌게 해드림', '2022-10-28', '2023-08-13', 'https://deviantart.com/habitasse.json', 3);
insert into Schedule (schedule_id, schedule_name, schedule_description, start_date, finish_date, chat_url, user_id) values (95, '떠나자! 제주도', '인생샷 내가 건져줌!', '2023-04-27', '2023-08-10', 'https://myspace.com/ut/mauris/eget/massa.html', 3);
insert into Schedule (schedule_id, schedule_name, schedule_description, start_date, finish_date, chat_url, user_id) values (96, '나랑 별보러 가지 않을래~ 강원', '심심하지 않을만큼 재밌게 해드림', '2023-01-16', '2023-10-04', 'http://google.co.uk/ornare/consequat/lectus/in/est.html', 4);
insert into Schedule (schedule_id, schedule_name, schedule_description, start_date, finish_date, chat_url, user_id) values (97, '떠나자! 제주도', '사진 잘찍음', '2022-10-18', '2023-05-03', 'https://woothemes.com/auctor/sed/tristique/in/tempus/sit.aspx', 3);
insert into Schedule (schedule_id, schedule_name, schedule_description, start_date, finish_date, chat_url, user_id) values (98, '떠나자! 제주도', '사진 잘찍음', '2023-01-24', '2022-12-07', 'http://mapy.cz/habitasse/platea.html', 5);
insert into Schedule (schedule_id, schedule_name, schedule_description, start_date, finish_date, chat_url, user_id) values (99, '떠나자! 제주도', '사진 잘찍음', '2023-07-26', '2023-03-18', 'http://free.fr/ut/nunc/vestibulum/ante.aspx', 5);
insert into Schedule (schedule_id, schedule_name, schedule_description, start_date, finish_date, chat_url, user_id) values (100, '나랑 별보러 가지 않을래~ 강원', '인생샷 내가 건져줌!', '2023-04-18', '2022-12-22', 'https://newsvine.com/blandit.json', 3);

-- date
insert into Date (date_id, scheduled_date, schedule_id) values (1, '2023-10-09', 1);
insert into Date (date_id, scheduled_date, schedule_id) values (2, '2023-03-28', 9);
insert into Date (date_id, scheduled_date, schedule_id) values (3, '2023-07-19', 8);
insert into Date (date_id, scheduled_date, schedule_id) values (4, '2022-10-31', 4);
insert into Date (date_id, scheduled_date, schedule_id) values (5, '2023-06-12', 7);
insert into Date (date_id, scheduled_date, schedule_id) values (6, '2023-01-10', 1);
insert into Date (date_id, scheduled_date, schedule_id) values (7, '2023-03-16', 6);
insert into Date (date_id, scheduled_date, schedule_id) values (8, '2023-03-20', 8);
insert into Date (date_id, scheduled_date, schedule_id) values (9, '2022-11-12', 7);
insert into Date (date_id, scheduled_date, schedule_id) values (10, '2023-07-09', 6);
insert into Date (date_id, scheduled_date, schedule_id) values (11, '2023-09-28', 3);
insert into Date (date_id, scheduled_date, schedule_id) values (12, '2023-08-16', 10);
insert into Date (date_id, scheduled_date, schedule_id) values (13, '2023-10-13', 4);
insert into Date (date_id, scheduled_date, schedule_id) values (14, '2023-07-24', 6);
insert into Date (date_id, scheduled_date, schedule_id) values (15, '2022-11-16', 7);
insert into Date (date_id, scheduled_date, schedule_id) values (16, '2023-07-22', 10);
insert into Date (date_id, scheduled_date, schedule_id) values (17, '2023-09-23', 1);
insert into Date (date_id, scheduled_date, schedule_id) values (18, '2023-05-31', 10);
insert into Date (date_id, scheduled_date, schedule_id) values (19, '2023-04-20', 6);
insert into Date (date_id, scheduled_date, schedule_id) values (20, '2023-02-18', 9);
insert into Date (date_id, scheduled_date, schedule_id) values (21, '2022-10-27', 1);
insert into Date (date_id, scheduled_date, schedule_id) values (22, '2023-09-29', 5);
insert into Date (date_id, scheduled_date, schedule_id) values (23, '2023-04-23', 9);
insert into Date (date_id, scheduled_date, schedule_id) values (24, '2023-01-22', 8);
insert into Date (date_id, scheduled_date, schedule_id) values (25, '2023-09-12', 3);
insert into Date (date_id, scheduled_date, schedule_id) values (26, '2022-11-20', 6);
insert into Date (date_id, scheduled_date, schedule_id) values (27, '2023-06-23', 8);
insert into Date (date_id, scheduled_date, schedule_id) values (28, '2023-03-24', 6);
insert into Date (date_id, scheduled_date, schedule_id) values (29, '2022-11-22', 10);
insert into Date (date_id, scheduled_date, schedule_id) values (30, '2023-07-14', 9);
insert into Date (date_id, scheduled_date, schedule_id) values (31, '2023-07-29', 1);
insert into Date (date_id, scheduled_date, schedule_id) values (32, '2023-01-19', 10);
insert into Date (date_id, scheduled_date, schedule_id) values (33, '2023-07-18', 1);
insert into Date (date_id, scheduled_date, schedule_id) values (34, '2023-05-02', 10);
insert into Date (date_id, scheduled_date, schedule_id) values (35, '2023-02-03', 3);
insert into Date (date_id, scheduled_date, schedule_id) values (36, '2022-12-24', 7);
insert into Date (date_id, scheduled_date, schedule_id) values (37, '2023-05-17', 1);
insert into Date (date_id, scheduled_date, schedule_id) values (38, '2023-10-15', 5);
insert into Date (date_id, scheduled_date, schedule_id) values (39, '2022-12-19', 9);
insert into Date (date_id, scheduled_date, schedule_id) values (40, '2023-08-04', 6);
insert into Date (date_id, scheduled_date, schedule_id) values (41, '2023-04-14', 6);
insert into Date (date_id, scheduled_date, schedule_id) values (42, '2023-10-08', 10);
insert into Date (date_id, scheduled_date, schedule_id) values (43, '2022-11-09', 10);
insert into Date (date_id, scheduled_date, schedule_id) values (44, '2023-03-10', 9);
insert into Date (date_id, scheduled_date, schedule_id) values (45, '2022-11-04', 2);
insert into Date (date_id, scheduled_date, schedule_id) values (46, '2023-06-14', 8);
insert into Date (date_id, scheduled_date, schedule_id) values (47, '2023-10-13', 9);
insert into Date (date_id, scheduled_date, schedule_id) values (48, '2022-11-07', 6);
insert into Date (date_id, scheduled_date, schedule_id) values (49, '2023-01-04', 2);
insert into Date (date_id, scheduled_date, schedule_id) values (50, '2023-01-04', 8);
insert into Date (date_id, scheduled_date, schedule_id) values (51, '2023-01-02', 9);
insert into Date (date_id, scheduled_date, schedule_id) values (52, '2023-08-19', 4);
insert into Date (date_id, scheduled_date, schedule_id) values (53, '2023-09-16', 2);
insert into Date (date_id, scheduled_date, schedule_id) values (54, '2023-01-01', 2);
insert into Date (date_id, scheduled_date, schedule_id) values (55, '2023-10-12', 4);
insert into Date (date_id, scheduled_date, schedule_id) values (56, '2023-05-17', 8);
insert into Date (date_id, scheduled_date, schedule_id) values (57, '2023-06-19', 4);
insert into Date (date_id, scheduled_date, schedule_id) values (58, '2023-09-04', 2);
insert into Date (date_id, scheduled_date, schedule_id) values (59, '2023-08-19', 3);
insert into Date (date_id, scheduled_date, schedule_id) values (60, '2023-05-10', 6);
insert into Date (date_id, scheduled_date, schedule_id) values (61, '2022-11-14', 6);
insert into Date (date_id, scheduled_date, schedule_id) values (62, '2023-02-12', 6);
insert into Date (date_id, scheduled_date, schedule_id) values (63, '2022-10-30', 7);
insert into Date (date_id, scheduled_date, schedule_id) values (64, '2023-06-13', 5);
insert into Date (date_id, scheduled_date, schedule_id) values (65, '2023-09-03', 1);
insert into Date (date_id, scheduled_date, schedule_id) values (66, '2023-03-31', 5);
insert into Date (date_id, scheduled_date, schedule_id) values (67, '2023-03-23', 10);
insert into Date (date_id, scheduled_date, schedule_id) values (68, '2023-03-19', 9);
insert into Date (date_id, scheduled_date, schedule_id) values (69, '2023-09-01', 5);
insert into Date (date_id, scheduled_date, schedule_id) values (70, '2023-06-13', 4);
insert into Date (date_id, scheduled_date, schedule_id) values (71, '2023-06-01', 7);
insert into Date (date_id, scheduled_date, schedule_id) values (72, '2022-11-13', 1);
insert into Date (date_id, scheduled_date, schedule_id) values (73, '2023-03-29', 2);
insert into Date (date_id, scheduled_date, schedule_id) values (74, '2023-07-19', 3);
insert into Date (date_id, scheduled_date, schedule_id) values (75, '2023-01-12', 6);
insert into Date (date_id, scheduled_date, schedule_id) values (76, '2023-02-03', 1);
insert into Date (date_id, scheduled_date, schedule_id) values (77, '2023-07-15', 7);
insert into Date (date_id, scheduled_date, schedule_id) values (78, '2023-07-27', 7);
insert into Date (date_id, scheduled_date, schedule_id) values (79, '2022-12-13', 4);
insert into Date (date_id, scheduled_date, schedule_id) values (80, '2023-10-19', 10);
insert into Date (date_id, scheduled_date, schedule_id) values (81, '2022-12-16', 5);
insert into Date (date_id, scheduled_date, schedule_id) values (82, '2023-04-08', 1);
insert into Date (date_id, scheduled_date, schedule_id) values (83, '2023-09-14', 5);
insert into Date (date_id, scheduled_date, schedule_id) values (84, '2023-04-16', 9);
insert into Date (date_id, scheduled_date, schedule_id) values (85, '2023-06-21', 3);
insert into Date (date_id, scheduled_date, schedule_id) values (86, '2023-01-04', 2);
insert into Date (date_id, scheduled_date, schedule_id) values (87, '2023-03-31', 8);
insert into Date (date_id, scheduled_date, schedule_id) values (88, '2023-05-02', 7);
insert into Date (date_id, scheduled_date, schedule_id) values (89, '2023-08-07', 8);
insert into Date (date_id, scheduled_date, schedule_id) values (90, '2023-06-18', 3);
insert into Date (date_id, scheduled_date, schedule_id) values (91, '2023-05-25', 10);
insert into Date (date_id, scheduled_date, schedule_id) values (92, '2023-07-12', 8);
insert into Date (date_id, scheduled_date, schedule_id) values (93, '2023-07-17', 4);
insert into Date (date_id, scheduled_date, schedule_id) values (94, '2022-12-07', 5);
insert into Date (date_id, scheduled_date, schedule_id) values (95, '2023-02-08', 8);
insert into Date (date_id, scheduled_date, schedule_id) values (96, '2023-02-26', 8);
insert into Date (date_id, scheduled_date, schedule_id) values (97, '2023-10-25', 6);
insert into Date (date_id, scheduled_date, schedule_id) values (98, '2023-02-08', 1);
insert into Date (date_id, scheduled_date, schedule_id) values (99, '2023-07-20', 1);
insert into Date (date_id, scheduled_date, schedule_id) values (100, '2023-07-26', 8);

-- trip_plan
insert into Trip_Plan (trip_plan_id, arrive_time, leave_time, wish_join, wish_cnt, join_cnt, destination_name, address, destinationx, destinationy, region, date_id) values (1, '11:08', '5:51', true, 2, 0, '더현대', '05653 Darwin Circle', -60.7829517, -88.5420304, '서울', 10);
insert into Trip_Plan (trip_plan_id, arrive_time, leave_time, wish_join, wish_cnt, join_cnt, destination_name, address, destinationx, destinationy, region, date_id) values (2, '10:02', '18:49', true, 3, 0, '우도', '4788 Oneill Circle', 116.444208, 33.8116067, '강원도', 7);
insert into Trip_Plan (trip_plan_id, arrive_time, leave_time, wish_join, wish_cnt, join_cnt, destination_name, address, destinationx, destinationy, region, date_id) values (3, '21:52', '9:01', true, 3, 0, '우도', '71584 Karstens Alley', 42.120984, 59.8241142, '인천', 7);
insert into Trip_Plan (trip_plan_id, arrive_time, leave_time, wish_join, wish_cnt, join_cnt, destination_name, address, destinationx, destinationy, region, date_id) values (4, '19:46', '3:17', false, 2, 1, '설악산', '46778 Forest Road', 18.5697311, 107.401279, '강원도', 7);
insert into Trip_Plan (trip_plan_id, arrive_time, leave_time, wish_join, wish_cnt, join_cnt, destination_name, address, destinationx, destinationy, region, date_id) values (5, '19:44', '6:22', true, 6, 1, '행궁동', '3202 Sutherland Drive', -87.4108352, 10.2544044, '제주도', 8);
insert into Trip_Plan (trip_plan_id, arrive_time, leave_time, wish_join, wish_cnt, join_cnt, destination_name, address, destinationx, destinationy, region, date_id) values (6, '3:20', '17:04', false, 3, 0, '차이나타운', '58 Maywood Hill', 116.454574, 139.9492467, '충청도', 3);
insert into Trip_Plan (trip_plan_id, arrive_time, leave_time, wish_join, wish_cnt, join_cnt, destination_name, address, destinationx, destinationy, region, date_id) values (7, '7:56', '14:27', false, 2, 2, '을왕리', '5 Amoth Street', 9.508953, 48.7739491, '서울', 10);
insert into Trip_Plan (trip_plan_id, arrive_time, leave_time, wish_join, wish_cnt, join_cnt, destination_name, address, destinationx, destinationy, region, date_id) values (8, '8:43', '18:25', true, 6, 0, '해운대', '54638 Butterfield Junction', -80.84, 30.2813321, '서울', 6);
insert into Trip_Plan (trip_plan_id, arrive_time, leave_time, wish_join, wish_cnt, join_cnt, destination_name, address, destinationx, destinationy, region, date_id) values (9, '12:48', '7:05', true, 7, 2, '행궁동', '605 Lakewood Trail', 123.2254725, -5.5781378, '경상도', 4);
insert into Trip_Plan (trip_plan_id, arrive_time, leave_time, wish_join, wish_cnt, join_cnt, destination_name, address, destinationx, destinationy, region, date_id) values (10, '3:34', '6:05', false, 8, 0, '해운대', '32 Alpine Court', 44.5893304, -74.8039205, '서울', 11);
insert into Trip_Plan (trip_plan_id, arrive_time, leave_time, wish_join, wish_cnt, join_cnt, destination_name, address, destinationx, destinationy, region, date_id) values (11, '20:54', '8:58', false, 8, 0, '경복궁', '3 Karstens Junction', 112.8015745, 16.4152338, '충청도', 15);
insert into Trip_Plan (trip_plan_id, arrive_time, leave_time, wish_join, wish_cnt, join_cnt, destination_name, address, destinationx, destinationy, region, date_id) values (12, '1:49', '2:56', false, 7, 1, '차이나타운', '35 8th Court', -90.1565209, 124.5885259, '충청도', 2);
insert into Trip_Plan (trip_plan_id, arrive_time, leave_time, wish_join, wish_cnt, join_cnt, destination_name, address, destinationx, destinationy, region, date_id) values (13, '20:20', '9:53', false, 4, 1, '행궁동', '149 Laurel Street', -114.9766785, 121.6412579, '강원도', 10);
insert into Trip_Plan (trip_plan_id, arrive_time, leave_time, wish_join, wish_cnt, join_cnt, destination_name, address, destinationx, destinationy, region, date_id) values (14, '13:44', '13:00', true, 7, 2, '협재', '47512 Fieldstone Crossing', 14.0197219, 119.6237, '경기도', 15);
insert into Trip_Plan (trip_plan_id, arrive_time, leave_time, wish_join, wish_cnt, join_cnt, destination_name, address, destinationx, destinationy, region, date_id) values (15, '10:26', '22:57', true, 7, 2, '을왕리', '17 Hansons Circle', 114.169943, 105.4185406, '전라도', 15);
insert into Trip_Plan (trip_plan_id, arrive_time, leave_time, wish_join, wish_cnt, join_cnt, destination_name, address, destinationx, destinationy, region, date_id) values (16, '3:50', '13:11', true, 2, 0, '더현대', '94621 Roth Way', 49.0652963, 121.0782757, '충청도', 13);
insert into Trip_Plan (trip_plan_id, arrive_time, leave_time, wish_join, wish_cnt, join_cnt, destination_name, address, destinationx, destinationy, region, date_id) values (17, '1:13', '8:26', false, 7, 2, '해운대', '7419 Roth Plaza', 48.2335118, 139.1107678, '경상도', 10);
insert into Trip_Plan (trip_plan_id, arrive_time, leave_time, wish_join, wish_cnt, join_cnt, destination_name, address, destinationx, destinationy, region, date_id) values (18, '13:02', '10:29', false, 3, 1, '설악산', '89447 Toban Center', 116.6335548, 106.5042786, '제주도', 11);
insert into Trip_Plan (trip_plan_id, arrive_time, leave_time, wish_join, wish_cnt, join_cnt, destination_name, address, destinationx, destinationy, region, date_id) values (19, '7:47', '7:36', false, 4, 1, '설악산', '13 Linden Terrace', 79.882999, 94.427663, '경상도', 8);
insert into Trip_Plan (trip_plan_id, arrive_time, leave_time, wish_join, wish_cnt, join_cnt, destination_name, address, destinationx, destinationy, region, date_id) values (20, '6:26', '3:50', false, 7, 1, '더현대', '3 Southridge Junction', 35.2572553, 35.2590854, '충청도', 15);
insert into Trip_Plan (trip_plan_id, arrive_time, leave_time, wish_join, wish_cnt, join_cnt, destination_name, address, destinationx, destinationy, region, date_id) values (21, '14:31', '1:15', false, 7, 0, '해운대', '4378 Blue Bill Park Circle', 98.6875659, 124.0496732, '서울', 13);
insert into Trip_Plan (trip_plan_id, arrive_time, leave_time, wish_join, wish_cnt, join_cnt, destination_name, address, destinationx, destinationy, region, date_id) values (22, '10:12', '11:22', true, 2, 2, '차이나타운', '00 Hansons Parkway', 120.9926908, 97.725376, '경기도', 13);
insert into Trip_Plan (trip_plan_id, arrive_time, leave_time, wish_join, wish_cnt, join_cnt, destination_name, address, destinationx, destinationy, region, date_id) values (23, '8:13', '23:39', true, 4, 0, '을왕리', '063 Stang Plaza', -84.0624815, -117.28, '인천', 10);
insert into Trip_Plan (trip_plan_id, arrive_time, leave_time, wish_join, wish_cnt, join_cnt, destination_name, address, destinationx, destinationy, region, date_id) values (24, '0:43', '3:39', false, 6, 1, '협재', '669 Wayridge Center', 6.063383, 33.9248222, '전라도', 12);
insert into Trip_Plan (trip_plan_id, arrive_time, leave_time, wish_join, wish_cnt, join_cnt, destination_name, address, destinationx, destinationy, region, date_id) values (25, '15:37', '15:28', true, 6, 0, '한라산', '62648 Marquette Alley', 132.4043341, 123.3763, '서울', 14);
insert into Trip_Plan (trip_plan_id, arrive_time, leave_time, wish_join, wish_cnt, join_cnt, destination_name, address, destinationx, destinationy, region, date_id) values (26, '5:50', '19:14', false, 2, 2, '설악산', '91582 Sunnyside Lane', 112.8007246, 104.1059408, '충청도', 14);
insert into Trip_Plan (trip_plan_id, arrive_time, leave_time, wish_join, wish_cnt, join_cnt, destination_name, address, destinationx, destinationy, region, date_id) values (27, '9:03', '22:17', true, 8, 0, '협재', '36843 Southridge Alley', -70.129653, -1.2987349, '경상도', 15);
insert into Trip_Plan (trip_plan_id, arrive_time, leave_time, wish_join, wish_cnt, join_cnt, destination_name, address, destinationx, destinationy, region, date_id) values (28, '16:01', '5:55', false, 6, 1, '더현대', '43614 Village Trail', 27.8338499, 87.5861351, '경상도', 5);
insert into Trip_Plan (trip_plan_id, arrive_time, leave_time, wish_join, wish_cnt, join_cnt, destination_name, address, destinationx, destinationy, region, date_id) values (29, '4:27', '0:21', true, 2, 2, '더현대', '900 Sage Pass', 13.4413606, 11.1164452, '서울', 7);
insert into Trip_Plan (trip_plan_id, arrive_time, leave_time, wish_join, wish_cnt, join_cnt, destination_name, address, destinationx, destinationy, region, date_id) values (30, '17:44', '21:00', true, 6, 0, '차이나타운', '94 Rusk Center', -72.9283949, 3.003076, '전라도', 4);
insert into Trip_Plan (trip_plan_id, arrive_time, leave_time, wish_join, wish_cnt, join_cnt, destination_name, address, destinationx, destinationy, region, date_id) values (31, '11:17', '6:09', false, 4, 1, '해운대', '3 Pearson Street', 15.12593, -76.2406701, '충청도', 6);
insert into Trip_Plan (trip_plan_id, arrive_time, leave_time, wish_join, wish_cnt, join_cnt, destination_name, address, destinationx, destinationy, region, date_id) values (32, '6:08', '9:17', false, 4, 2, '더현대', '17534 Graedel Center', 45.0139904, 99.586963, '전라도', 14);
insert into Trip_Plan (trip_plan_id, arrive_time, leave_time, wish_join, wish_cnt, join_cnt, destination_name, address, destinationx, destinationy, region, date_id) values (33, '22:22', '10:15', true, 5, 2, '우도', '2828 Dennis Point', -1.6294466, 119.5876, '강원도', 4);
insert into Trip_Plan (trip_plan_id, arrive_time, leave_time, wish_join, wish_cnt, join_cnt, destination_name, address, destinationx, destinationy, region, date_id) values (34, '14:51', '1:09', true, 7, 0, '설악산', '35244 Quincy Road', 120.5648766, 136.6477771, '전라도', 7);
insert into Trip_Plan (trip_plan_id, arrive_time, leave_time, wish_join, wish_cnt, join_cnt, destination_name, address, destinationx, destinationy, region, date_id) values (35, '1:51', '13:56', false, 3, 1, '더현대', '15 Huxley Center', 115.955191, -99.1395519, '충청도', 1);
insert into Trip_Plan (trip_plan_id, arrive_time, leave_time, wish_join, wish_cnt, join_cnt, destination_name, address, destinationx, destinationy, region, date_id) values (36, '16:50', '18:47', true, 4, 0, '협재', '486 Rowland Center', 103.7983752, 20.3517334, '제주도', 7);
insert into Trip_Plan (trip_plan_id, arrive_time, leave_time, wish_join, wish_cnt, join_cnt, destination_name, address, destinationx, destinationy, region, date_id) values (37, '2:59', '13:02', true, 3, 0, '행궁동', '5476 Granby Point', 12.6733009, 38.3579129, '전라도', 3);
insert into Trip_Plan (trip_plan_id, arrive_time, leave_time, wish_join, wish_cnt, join_cnt, destination_name, address, destinationx, destinationy, region, date_id) values (38, '20:10', '23:34', false, 4, 1, '을왕리', '3235 Northport Circle', -28.2519314, 116.6988851, '충청도', 2);
insert into Trip_Plan (trip_plan_id, arrive_time, leave_time, wish_join, wish_cnt, join_cnt, destination_name, address, destinationx, destinationy, region, date_id) values (39, '19:05', '21:24', true, 2, 1, '해운대', '0 Lyons Avenue', 19.6480341, 2.511999, '경기도', 15);
insert into Trip_Plan (trip_plan_id, arrive_time, leave_time, wish_join, wish_cnt, join_cnt, destination_name, address, destinationx, destinationy, region, date_id) values (40, '20:57', '6:58', true, 2, 1, '협재', '192 Anniversary Road', 110.4457241, 116.311532, '서울', 12);
insert into Trip_Plan (trip_plan_id, arrive_time, leave_time, wish_join, wish_cnt, join_cnt, destination_name, address, destinationx, destinationy, region, date_id) values (41, '1:53', '1:15', false, 8, 1, '을왕리', '99302 Derek Trail', 112.7657727, 108.2614775, '강원도', 6);
insert into Trip_Plan (trip_plan_id, arrive_time, leave_time, wish_join, wish_cnt, join_cnt, destination_name, address, destinationx, destinationy, region, date_id) values (42, '14:04', '21:49', true, 7, 0, '해운대', '1720 Chinook Junction', 32.5077211, -66.49243, '서울', 3);
insert into Trip_Plan (trip_plan_id, arrive_time, leave_time, wish_join, wish_cnt, join_cnt, destination_name, address, destinationx, destinationy, region, date_id) values (43, '6:47', '17:52', true, 6, 2, '을왕리', '90857 Dawn Hill', 110.1434668, -71.1745579, '서울', 11);
insert into Trip_Plan (trip_plan_id, arrive_time, leave_time, wish_join, wish_cnt, join_cnt, destination_name, address, destinationx, destinationy, region, date_id) values (44, '15:41', '21:22', false, 7, 2, '협재', '4 Sycamore Junction', 49.0729264, -6.133718, '전라도', 7);
insert into Trip_Plan (trip_plan_id, arrive_time, leave_time, wish_join, wish_cnt, join_cnt, destination_name, address, destinationx, destinationy, region, date_id) values (45, '22:07', '13:11', true, 2, 2, '설악산', '4 Quincy Plaza', 72.0017338, 5.0436629, '충청도', 11);
insert into Trip_Plan (trip_plan_id, arrive_time, leave_time, wish_join, wish_cnt, join_cnt, destination_name, address, destinationx, destinationy, region, date_id) values (46, '15:06', '14:38', true, 7, 0, '해운대', '934 Lighthouse Bay Terrace', 16.5190048, 12.4645518, '서울', 13);
insert into Trip_Plan (trip_plan_id, arrive_time, leave_time, wish_join, wish_cnt, join_cnt, destination_name, address, destinationx, destinationy, region, date_id) values (47, '9:11', '7:05', false, 7, 2, '협재', '1038 Claremont Alley', 100.620031, 36.3608819, '경상도', 11);
insert into Trip_Plan (trip_plan_id, arrive_time, leave_time, wish_join, wish_cnt, join_cnt, destination_name, address, destinationx, destinationy, region, date_id) values (48, '15:54', '20:48', false, 5, 0, '행궁동', '4 Hayes Park', -9.3855593, -80.06, '인천', 10);
insert into Trip_Plan (trip_plan_id, arrive_time, leave_time, wish_join, wish_cnt, join_cnt, destination_name, address, destinationx, destinationy, region, date_id) values (49, '3:11', '8:31', true, 3, 1, '을왕리', '46508 Vera Plaza', 106.058692, 113.1981987, '인천', 10);
insert into Trip_Plan (trip_plan_id, arrive_time, leave_time, wish_join, wish_cnt, join_cnt, destination_name, address, destinationx, destinationy, region, date_id) values (50, '19:15', '17:03', true, 7, 2, '해운대', '8 Crescent Oaks Park', 112.6399996, 5.8065627, '인천', 3);
insert into Trip_Plan (trip_plan_id, arrive_time, leave_time, wish_join, wish_cnt, join_cnt, destination_name, address, destinationx, destinationy, region, date_id) values (51, '23:31', '13:17', false, 8, 0, '해운대', '3720 Sycamore Street', 116.1168555, 122.5333328, '서울', 5);
insert into Trip_Plan (trip_plan_id, arrive_time, leave_time, wish_join, wish_cnt, join_cnt, destination_name, address, destinationx, destinationy, region, date_id) values (52, '0:26', '9:54', true, 3, 1, '한라산', '3619 Vahlen Way', -74.74, 113.39277, '경기도', 12);
insert into Trip_Plan (trip_plan_id, arrive_time, leave_time, wish_join, wish_cnt, join_cnt, destination_name, address, destinationx, destinationy, region, date_id) values (53, '16:01', '0:12', false, 2, 0, '해운대', '80 Acker Place', 33.1399988, 115.444319, '충청도', 6);
insert into Trip_Plan (trip_plan_id, arrive_time, leave_time, wish_join, wish_cnt, join_cnt, destination_name, address, destinationx, destinationy, region, date_id) values (54, '9:15', '21:29', false, 8, 1, '경복궁', '0 Continental Crossing', 21.2618048, 117.430061, '충청도', 3);
insert into Trip_Plan (trip_plan_id, arrive_time, leave_time, wish_join, wish_cnt, join_cnt, destination_name, address, destinationx, destinationy, region, date_id) values (55, '2:40', '3:55', false, 2, 2, '경복궁', '382 Lighthouse Bay Road', 31.380243, -68.1430029, '경기도', 8);
insert into Trip_Plan (trip_plan_id, arrive_time, leave_time, wish_join, wish_cnt, join_cnt, destination_name, address, destinationx, destinationy, region, date_id) values (56, '14:58', '13:48', true, 6, 1, '설악산', '13 Sutteridge Way', 6.2281859, -7.9859629, '서울', 5);
insert into Trip_Plan (trip_plan_id, arrive_time, leave_time, wish_join, wish_cnt, join_cnt, destination_name, address, destinationx, destinationy, region, date_id) values (57, '9:55', '12:23', true, 6, 1, '경복궁', '8143 Sugar Crossing', 115.899378, -58.3834251, '전라도', 10);
insert into Trip_Plan (trip_plan_id, arrive_time, leave_time, wish_join, wish_cnt, join_cnt, destination_name, address, destinationx, destinationy, region, date_id) values (58, '17:26', '5:27', true, 3, 1, '차이나타운', '0104 Fuller Trail', -91.444669, 121.4174914, '경기도', 6);
insert into Trip_Plan (trip_plan_id, arrive_time, leave_time, wish_join, wish_cnt, join_cnt, destination_name, address, destinationx, destinationy, region, date_id) values (59, '10:22', '8:39', true, 5, 2, '경복궁', '91 Canary Plaza', 108.386208, 22.8008984, '서울', 5);
insert into Trip_Plan (trip_plan_id, arrive_time, leave_time, wish_join, wish_cnt, join_cnt, destination_name, address, destinationx, destinationy, region, date_id) values (60, '5:31', '18:17', false, 2, 0, '한라산', '92 Ridgeway Hill', 30.2867644, 109.7115472, '충청도', 10);
insert into Trip_Plan (trip_plan_id, arrive_time, leave_time, wish_join, wish_cnt, join_cnt, destination_name, address, destinationx, destinationy, region, date_id) values (61, '1:23', '10:46', true, 3, 2, '해운대', '638 Truax Lane', 116.7164574, 24.8942909, '서울', 9);
insert into Trip_Plan (trip_plan_id, arrive_time, leave_time, wish_join, wish_cnt, join_cnt, destination_name, address, destinationx, destinationy, region, date_id) values (62, '17:19', '11:08', true, 6, 0, '을왕리', '90561 Corscot Point', 124.253569, 5.7576526, '인천', 11);
insert into Trip_Plan (trip_plan_id, arrive_time, leave_time, wish_join, wish_cnt, join_cnt, destination_name, address, destinationx, destinationy, region, date_id) values (63, '23:33', '15:32', true, 3, 1, '행궁동', '61 Forest Place', -8.768872, -12.9262851, '충청도', 3);
insert into Trip_Plan (trip_plan_id, arrive_time, leave_time, wish_join, wish_cnt, join_cnt, destination_name, address, destinationx, destinationy, region, date_id) values (64, '4:18', '3:04', true, 8, 1, '을왕리', '3638 Donald Avenue', 133.8246072, -111.7256936, '제주도', 4);
insert into Trip_Plan (trip_plan_id, arrive_time, leave_time, wish_join, wish_cnt, join_cnt, destination_name, address, destinationx, destinationy, region, date_id) values (65, '2:35', '3:38', false, 2, 1, '한라산', '55 Buhler Place', 121.315291, 26.6405956, '제주도', 5);
insert into Trip_Plan (trip_plan_id, arrive_time, leave_time, wish_join, wish_cnt, join_cnt, destination_name, address, destinationx, destinationy, region, date_id) values (66, '7:09', '8:47', false, 5, 0, '더현대', '1546 Hooker Road', -49.7728757, 111.910516, '경기도', 4);
insert into Trip_Plan (trip_plan_id, arrive_time, leave_time, wish_join, wish_cnt, join_cnt, destination_name, address, destinationx, destinationy, region, date_id) values (67, '17:19', '7:05', true, 7, 0, '한라산', '9464 Walton Junction', 105.5826123, 37.40518, '인천', 14);
insert into Trip_Plan (trip_plan_id, arrive_time, leave_time, wish_join, wish_cnt, join_cnt, destination_name, address, destinationx, destinationy, region, date_id) values (68, '6:52', '4:49', true, 2, 1, '차이나타운', '220 Merry Avenue', -84.2953464, 113.111822, '전라도', 2);
insert into Trip_Plan (trip_plan_id, arrive_time, leave_time, wish_join, wish_cnt, join_cnt, destination_name, address, destinationx, destinationy, region, date_id) values (69, '18:57', '5:08', false, 3, 1, '을왕리', '12993 Myrtle Crossing', 85.555473, 16.6974271, '전라도', 8);
insert into Trip_Plan (trip_plan_id, arrive_time, leave_time, wish_join, wish_cnt, join_cnt, destination_name, address, destinationx, destinationy, region, date_id) values (70, '3:51', '8:09', true, 8, 0, '설악산', '6054 Grasskamp Parkway', 118.315476, 105.851885, '충청도', 1);
insert into Trip_Plan (trip_plan_id, arrive_time, leave_time, wish_join, wish_cnt, join_cnt, destination_name, address, destinationx, destinationy, region, date_id) values (71, '7:50', '17:22', true, 8, 1, '행궁동', '01021 Mallory Plaza', -73.579509, 110.6764877, '경상도', 11);
insert into Trip_Plan (trip_plan_id, arrive_time, leave_time, wish_join, wish_cnt, join_cnt, destination_name, address, destinationx, destinationy, region, date_id) values (72, '5:32', '7:49', true, 6, 2, '을왕리', '6 Nevada Plaza', 37.6912329, 9.7023684, '충청도', 4);
insert into Trip_Plan (trip_plan_id, arrive_time, leave_time, wish_join, wish_cnt, join_cnt, destination_name, address, destinationx, destinationy, region, date_id) values (73, '9:10', '5:50', false, 8, 2, '우도', '4 Myrtle Center', 15.753473, -99.1400807, '제주도', 2);
insert into Trip_Plan (trip_plan_id, arrive_time, leave_time, wish_join, wish_cnt, join_cnt, destination_name, address, destinationx, destinationy, region, date_id) values (74, '4:56', '21:17', true, 2, 2, '경복궁', '60597 Oak Drive', 15.9758633, 107.998149, '경기도', 9);
insert into Trip_Plan (trip_plan_id, arrive_time, leave_time, wish_join, wish_cnt, join_cnt, destination_name, address, destinationx, destinationy, region, date_id) values (75, '8:15', '3:40', true, 5, 0, '협재', '861 Morning Way', 18.6442835, -7.606287, '경상도', 15);
insert into Trip_Plan (trip_plan_id, arrive_time, leave_time, wish_join, wish_cnt, join_cnt, destination_name, address, destinationx, destinationy, region, date_id) values (76, '9:24', '6:33', true, 5, 1, '행궁동', '18 Rusk Crossing', 116.809657, 106.8502879, '전라도', 7);
insert into Trip_Plan (trip_plan_id, arrive_time, leave_time, wish_join, wish_cnt, join_cnt, destination_name, address, destinationx, destinationy, region, date_id) values (77, '12:03', '3:45', false, 8, 0, '행궁동', '8 Eggendart Drive', 117.365052, -8.2958281, '경상도', 11);
insert into Trip_Plan (trip_plan_id, arrive_time, leave_time, wish_join, wish_cnt, join_cnt, destination_name, address, destinationx, destinationy, region, date_id) values (78, '0:32', '5:41', false, 7, 1, '차이나타운', '2 Hoard Pass', -81.5322149, 123.431472, '경기도', 14);
insert into Trip_Plan (trip_plan_id, arrive_time, leave_time, wish_join, wish_cnt, join_cnt, destination_name, address, destinationx, destinationy, region, date_id) values (79, '18:36', '1:31', false, 5, 1, '해운대', '26028 Elgar Alley', 34.374358, 120.9644288, '인천', 3);
insert into Trip_Plan (trip_plan_id, arrive_time, leave_time, wish_join, wish_cnt, join_cnt, destination_name, address, destinationx, destinationy, region, date_id) values (80, '16:41', '9:32', true, 8, 0, '행궁동', '98 Dapin Junction', 29.161111, 114.3311718, '서울', 11);
insert into Trip_Plan (trip_plan_id, arrive_time, leave_time, wish_join, wish_cnt, join_cnt, destination_name, address, destinationx, destinationy, region, date_id) values (81, '8:22', '1:11', true, 6, 0, '한라산', '4667 Reinke Avenue', 20.3729893, 175.848229, '전라도', 10);
insert into Trip_Plan (trip_plan_id, arrive_time, leave_time, wish_join, wish_cnt, join_cnt, destination_name, address, destinationx, destinationy, region, date_id) values (82, '12:15', '11:38', false, 3, 1, '차이나타운', '61429 Granby Trail', 4.8886159, 5.5066242, '강원도', 10);
insert into Trip_Plan (trip_plan_id, arrive_time, leave_time, wish_join, wish_cnt, join_cnt, destination_name, address, destinationx, destinationy, region, date_id) values (83, '12:23', '3:17', false, 2, 2, '행궁동', '93361 Aberg Plaza', 113.518911, 108.6561601, '경상도', 15);
insert into Trip_Plan (trip_plan_id, arrive_time, leave_time, wish_join, wish_cnt, join_cnt, destination_name, address, destinationx, destinationy, region, date_id) values (84, '16:13', '11:38', false, 5, 2, '한라산', '7 Warner Hill', 12.2665864, 30.5550816, '인천', 15);
insert into Trip_Plan (trip_plan_id, arrive_time, leave_time, wish_join, wish_cnt, join_cnt, destination_name, address, destinationx, destinationy, region, date_id) values (85, '3:43', '6:34', false, 3, 2, '설악산', '7322 Blaine Parkway', 22.4989768, -11.9041439, '제주도', 14);
insert into Trip_Plan (trip_plan_id, arrive_time, leave_time, wish_join, wish_cnt, join_cnt, destination_name, address, destinationx, destinationy, region, date_id) values (86, '11:38', '7:56', true, 2, 1, '해운대', '84800 Sycamore Plaza', 21.9907815, 71.2430776, '충청도', 6);
insert into Trip_Plan (trip_plan_id, arrive_time, leave_time, wish_join, wish_cnt, join_cnt, destination_name, address, destinationx, destinationy, region, date_id) values (87, '23:15', '18:25', true, 3, 1, '더현대', '997 Northport Point', 14.2111388, 122.0183914, '강원도', 3);
insert into Trip_Plan (trip_plan_id, arrive_time, leave_time, wish_join, wish_cnt, join_cnt, destination_name, address, destinationx, destinationy, region, date_id) values (88, '18:25', '17:17', false, 2, 1, '협재', '369 Center Terrace', 140.9588844, 7.2559678, '강원도', 1);
insert into Trip_Plan (trip_plan_id, arrive_time, leave_time, wish_join, wish_cnt, join_cnt, destination_name, address, destinationx, destinationy, region, date_id) values (89, '8:29', '16:54', true, 2, 2, '행궁동', '9839 Quincy Street', 109.325464, -96.7712123, '전라도', 10);
insert into Trip_Plan (trip_plan_id, arrive_time, leave_time, wish_join, wish_cnt, join_cnt, destination_name, address, destinationx, destinationy, region, date_id) values (90, '9:30', '20:03', true, 5, 2, '한라산', '747 Clemons Point', 111.4782661, -72.4080605, '경기도', 5);
insert into Trip_Plan (trip_plan_id, arrive_time, leave_time, wish_join, wish_cnt, join_cnt, destination_name, address, destinationx, destinationy, region, date_id) values (91, '17:46', '9:29', true, 5, 0, '더현대', '37936 Nevada Alley', 6.2862731, -47.3510778, '전라도', 15);
insert into Trip_Plan (trip_plan_id, arrive_time, leave_time, wish_join, wish_cnt, join_cnt, destination_name, address, destinationx, destinationy, region, date_id) values (92, '1:52', '18:22', false, 5, 1, '더현대', '161 Sunnyside Alley', 89.1114525, 17.6356163, '경상도', 3);
insert into Trip_Plan (trip_plan_id, arrive_time, leave_time, wish_join, wish_cnt, join_cnt, destination_name, address, destinationx, destinationy, region, date_id) values (93, '2:41', '10:42', false, 4, 2, '행궁동', '24342 Dawn Crossing', 81.145433, 111.4737946, '제주도', 7);
insert into Trip_Plan (trip_plan_id, arrive_time, leave_time, wish_join, wish_cnt, join_cnt, destination_name, address, destinationx, destinationy, region, date_id) values (94, '5:59', '17:57', true, 2, 0, '우도', '227 Warrior Court', 17.8880075, 2.7425682, '경기도', 4);
insert into Trip_Plan (trip_plan_id, arrive_time, leave_time, wish_join, wish_cnt, join_cnt, destination_name, address, destinationx, destinationy, region, date_id) values (95, '17:01', '10:52', false, 4, 1, '우도', '0 Kipling Place', -68.1434963, 117.5532603, '인천', 10);
insert into Trip_Plan (trip_plan_id, arrive_time, leave_time, wish_join, wish_cnt, join_cnt, destination_name, address, destinationx, destinationy, region, date_id) values (96, '12:15', '13:38', true, 2, 1, '더현대', '41 Steensland Place', 115.665617, -69.8487452, '제주도', 15);
insert into Trip_Plan (trip_plan_id, arrive_time, leave_time, wish_join, wish_cnt, join_cnt, destination_name, address, destinationx, destinationy, region, date_id) values (97, '12:39', '12:28', false, 7, 1, '을왕리', '51 Pierstorff Park', 28.5305764, 22.3273146, '강원도', 3);
insert into Trip_Plan (trip_plan_id, arrive_time, leave_time, wish_join, wish_cnt, join_cnt, destination_name, address, destinationx, destinationy, region, date_id) values (98, '6:43', '17:31', false, 5, 0, '협재', '69966 Rowland Way', -51.9051241, 113.151358, '경기도', 6);
insert into Trip_Plan (trip_plan_id, arrive_time, leave_time, wish_join, wish_cnt, join_cnt, destination_name, address, destinationx, destinationy, region, date_id) values (99, '21:01', '23:20', false, 5, 2, '설악산', '3832 Straubel Street', 13.5791749, -97.6222665, '경기도', 3);
insert into Trip_Plan (trip_plan_id, arrive_time, leave_time, wish_join, wish_cnt, join_cnt, destination_name, address, destinationx, destinationy, region, date_id) values (100, '7:52', '20:58', true, 2, 0, '협재', '52 Armistice Point', 122.4328888, -38.5690418, '충청도', 15);

-- join_request : tripPlanId = 1에 요청 10건
insert into Join_Request (join_id, trip_plan_id, user_id, join_status) values (1, 1, 5, '승인대기');
insert into Join_Request (join_id, trip_plan_id, user_id, join_status) values (2, 1, 2, '승인대기');
insert into Join_Request (join_id, trip_plan_id, user_id, join_status) values (3, 1, 9, '승인대기');
insert into Join_Request (join_id, trip_plan_id, user_id, join_status) values (4, 1, 3, '승인대기');
insert into Join_Request (join_id, trip_plan_id, user_id, join_status) values (5, 1, 5, '승인대기');
insert into Join_Request (join_id, trip_plan_id, user_id, join_status) values (6, 1, 2, '승인대기');
insert into Join_Request (join_id, trip_plan_id, user_id, join_status) values (7, 1, 2, '승인대기');
insert into Join_Request (join_id, trip_plan_id, user_id, join_status) values (8, 1, 5, '승인대기');
insert into Join_Request (join_id, trip_plan_id, user_id, join_status) values (9, 1, 10, '승인대기');
insert into Join_Request (join_id, trip_plan_id, user_id, join_status) values (10, 1, 8, '승인대기');
